State,Year,Federal Taxes paid,Federal Spending received,Federal Spending received per dollar of tax paid,Electoral votes,Presidential voters,Electors per voter,Times voted R
Alabama,1981,7356,9361,1.2726,9,1341929,6.71E-06,1
Alabama,1982,7494,9933,1.3255,9,1341929,6.71E-06,1
Alabama,1983,7415,10813,1.4583,9,1341929,6.71E-06,1
Alabama,1984,8259,11444,1.3856,9,1441713,6.24E-06,2
Alabama,1985,9142,12469,1.3639,9,1441713,6.24E-06,2
Alabama,1986,9377,13097,1.3967,9,1441713,6.24E-06,2
Alabama,1987,10280,13927,1.3548,9,1441713,6.24E-06,2
Alabama,1988,10866,14354,1.321,9,1378476,6.53E-06,3
Alabama,1989,11903,15131,1.2712,9,1378476,6.53E-06,3
Alabama,1990,12440,17358,1.3953,9,1378476,6.53E-06,3
Alabama,1991,13111,18671,1.4241,9,1378476,6.53E-06,3
Alabama,1992,13708,20550,1.4991,9,1688060,5.33E-06,4
Alabama,1993,14631,21227,1.4508,9,1688060,5.33E-06,4
Alabama,1994,16039,22160,1.3816,9,1688060,5.33E-06,4
Alabama,1995,17258,22795,1.3208,9,1688060,5.33E-06,4
Alabama,1996,18191,23548,1.2945,9,1534349,5.87E-06,5
Alabama,1997,19282,24650,1.2784,9,1534349,5.87E-06,5
Alabama,1998,20379,25347,1.2438,9,1534349,5.87E-06,5
Alabama,1999,21260,26904,1.2655,9,1534349,5.87E-06,5
Alabama,2000,22496,29250,1.3002,9,1666272,5.40E-06,6
Alabama,2001,22211,31735,1.4288,9,1666272,5.40E-06,6
Alabama,2002,21201,34292,1.6175,9,1666272,5.40E-06,6
Alabama,2003,20493,36871,1.7992,9,1666272,5.40E-06,6
Alabama,2004,21554,39047,1.8116,9,1883449,4.78E-06,7
Alabama,2005,24675,42061,1.7046,9,1883449,4.78E-06,7
Alaska,1981,1839,2073,1.1272,3,158445,1.89E-05,1
Alaska,1982,2063,1937,0.9389,3,158445,1.89E-05,1
Alaska,1983,2063,2060,0.9985,3,158445,1.89E-05,1
Alaska,1984,2193,2321,1.0584,3,207605,1.45E-05,2
Alaska,1985,2300,2531,1.1004,3,207605,1.45E-05,2
Alaska,1986,2159,2719,1.2594,3,207605,1.45E-05,2
Alaska,1987,2254,2846,1.2626,3,207605,1.45E-05,2
Alaska,1988,2295,2664,1.1608,3,200116,1.50E-05,3
Alaska,1989,2638,3160,1.1979,3,200116,1.50E-05,3
Alaska,1990,2871,3280,1.1425,3,200116,1.50E-05,3
Alaska,1991,2927,3752,1.2819,3,200116,1.50E-05,3
Alaska,1992,2937,4124,1.4042,3,258506,1.16E-05,4
Alaska,1993,3085,4632,1.5015,3,258506,1.16E-05,4
Alaska,1994,3311,4497,1.3582,3,258506,1.16E-05,4
Alaska,1995,3410,4230,1.2405,3,258506,1.16E-05,4
Alaska,1996,3520,4378,1.2438,3,241620,1.24E-05,5
Alaska,1997,3711,4644,1.2514,3,241620,1.24E-05,5
Alaska,1998,3890,4769,1.226,3,241620,1.24E-05,5
Alaska,1999,3987,5291,1.3271,3,241620,1.24E-05,5
Alaska,2000,4306,5963,1.3848,3,285560,1.05E-05,6
Alaska,2001,4374,6417,1.4671,3,285560,1.05E-05,6
Alaska,2002,4229,7562,1.7881,3,285560,1.05E-05,6
Alaska,2003,4077,7944,1.9485,3,285560,1.05E-05,6
Alaska,2004,4226,8445,1.9983,3,312598,9.60E-06,7
Alaska,2005,4830,9230,1.911,3,312598,9.60E-06,7
Arizona,1981,6504,7014,1.0784,7,873945,8.01E-06,1
Arizona,1982,6631,7728,1.1654,7,873945,8.01E-06,1
Arizona,1983,6551,8171,1.2473,7,873945,8.01E-06,1
Arizona,1984,7544,9175,1.2162,7,1025897,6.82E-06,2
Arizona,1985,8653,10039,1.1602,7,1025897,6.82E-06,2
Arizona,1986,9376,11403,1.2162,7,1025897,6.82E-06,2
Arizona,1987,10508,12561,1.1954,7,1025897,6.82E-06,2
Arizona,1988,11175,12248,1.096,7,1171873,5.97E-06,3
Arizona,1989,12047,13510,1.1214,7,1171873,5.97E-06,3
Arizona,1990,12410,15154,1.2211,7,1171873,5.97E-06,3
Arizona,1991,12892,15618,1.2114,8,1171873,6.83E-06,3
Arizona,1992,13425,16767,1.2489,8,1487006,5.38E-06,4
Arizona,1993,14730,18618,1.264,8,1487006,5.38E-06,4
Arizona,1994,16802,18809,1.1195,8,1487006,5.38E-06,4
Arizona,1995,18666,20906,1.12,8,1487006,5.38E-06,4
Arizona,1996,20793,21951,1.0557,8,1404405,5.70E-06,4
Arizona,1997,23054,22282,0.9665,8,1404405,5.70E-06,4
Arizona,1998,25491,24120,0.9462,8,1404405,5.70E-06,4
Arizona,1999,27402,27075,0.9881,8,1404405,5.70E-06,4
Arizona,2000,30259,29282,0.9677,8,1532016,5.22E-06,5
Arizona,2001,29838,30416,1.0194,10,1532016,6.53E-06,5
Arizona,2002,28315,34761,1.2277,10,1532016,6.53E-06,5
Arizona,2003,27781,37801,1.3607,10,1532016,6.53E-06,5
Arizona,2004,30521,41979,1.3754,10,2012585,4.97E-06,6
Arizona,2005,35988,44639,1.2404,10,2012585,4.97E-06,6
Arkansas,1981,4039,4900,1.2132,6,837582,7.16E-06,1
Arkansas,1982,4138,5273,1.2743,6,837582,7.16E-06,1
Arkansas,1983,4052,6095,1.5042,6,837582,7.16E-06,1
Arkansas,1984,4516,6088,1.3481,6,884406,6.78E-06,2
Arkansas,1985,4912,6873,1.3992,6,884406,6.78E-06,2
Arkansas,1986,5040,7179,1.4244,6,884406,6.78E-06,2
Arkansas,1987,5490,7316,1.3326,6,884406,6.78E-06,2
Arkansas,1988,5834,7485,1.283,6,827738,7.25E-06,3
Arkansas,1989,6293,7987,1.2692,6,827738,7.25E-06,3
Arkansas,1990,6540,8375,1.2806,6,827738,7.25E-06,3
Arkansas,1991,6901,9166,1.3282,6,827738,7.25E-06,3
Arkansas,1992,7330,10124,1.3812,6,950653,6.31E-06,3
Arkansas,1993,7915,10893,1.3762,6,950653,6.31E-06,3
Arkansas,1994,8808,11308,1.2838,6,950653,6.31E-06,3
Arkansas,1995,9550,11768,1.2323,6,950653,6.31E-06,3
Arkansas,1996,10121,12164,1.2019,6,884262,6.79E-06,3
Arkansas,1997,10600,12593,1.188,6,884262,6.79E-06,3
Arkansas,1998,11289,13041,1.1552,6,884262,6.79E-06,3
Arkansas,1999,11788,13706,1.1627,6,884262,6.79E-06,3
Arkansas,2000,12539,14847,1.1841,6,921781,6.51E-06,4
Arkansas,2001,12402,16659,1.3433,6,921781,6.51E-06,4
Arkansas,2002,11944,18372,1.5382,6,921781,6.51E-06,4
Arkansas,2003,11638,18340,1.5759,6,921781,6.51E-06,4
Arkansas,2004,12223,19489,1.5945,6,1054945,5.69E-06,5
Arkansas,2005,13926,20387,1.464,6,1054945,5.69E-06,5
California,1981,69956,69416,0.9923,47,8587063,5.47E-06,1
California,1982,72100,77501,1.0749,47,8587063,5.47E-06,1
California,1983,71008,86364,1.2163,47,8587063,5.47E-06,1
California,1984,80129,91713,1.1446,47,9505423,4.95E-06,2
California,1985,89735,97814,1.09,47,9505423,4.95E-06,2
California,1986,95626,100860,1.0547,47,9505423,4.95E-06,2
California,1987,108831,100753,0.9258,47,9505423,4.95E-06,2
California,1988,117924,102366,0.8681,47,9887064,4.75E-06,3
California,1989,129221,109125,0.8445,47,9887064,4.75E-06,3
California,1990,135497,117636,0.8682,47,9887064,4.75E-06,3
California,1991,137071,128639,0.9385,54,9887064,5.46E-06,3
California,1992,137581,141913,1.0315,54,11131721,4.85E-06,3
California,1993,143298,149383,1.0425,54,11131721,4.85E-06,3
California,1994,152768,153952,1.0078,54,11131721,4.85E-06,3
California,1995,163140,153831,0.9429,54,11131721,4.85E-06,3
California,1996,177479,156075,0.8794,54,10019484,5.39E-06,3
California,1997,195099,160884,0.8246,54,10019484,5.39E-06,3
California,1998,213694,161909,0.7577,54,10019484,5.39E-06,3
California,1999,235772,168676,0.7154,54,10019484,5.39E-06,3
California,2000,276393,175967,0.6367,54,10965856,4.92E-06,3
California,2001,265608,188758,0.7107,55,10965856,5.02E-06,3
California,2002,241625,206417,0.8543,55,10965856,5.02E-06,3
California,2003,233626,219706,0.9404,55,10965856,5.02E-06,3
California,2004,250373,232387,0.9282,55,12421353,4.43E-06,3
California,2005,289627,242023,0.8356,55,12421353,4.43E-06,3
Colorado,1981,8222,7481,0.9099,8,1184415,6.75E-06,1
Colorado,1982,8693,7960,0.9157,8,1184415,6.75E-06,1
Colorado,1983,8371,8902,1.0634,8,1184415,6.75E-06,1
Colorado,1984,9215,9165,0.9946,8,1295381,6.18E-06,2
Colorado,1985,10004,9796,0.9792,8,1295381,6.18E-06,2
Colorado,1986,10158,11496,1.1317,8,1295381,6.18E-06,2
Colorado,1987,10933,12301,1.1251,8,1295381,6.18E-06,2
Colorado,1988,11366,12971,1.1412,8,1372394,5.83E-06,3
Colorado,1989,12395,14163,1.1426,8,1372394,5.83E-06,3
Colorado,1990,13083,14800,1.1312,8,1372394,5.83E-06,3
Colorado,1991,13938,16651,1.1946,8,1372394,5.83E-06,3
Colorado,1992,14828,17333,1.1689,8,1569180,5.10E-06,3
Colorado,1993,16390,18317,1.1176,8,1569180,5.10E-06,3
Colorado,1994,18343,18950,1.0331,8,1569180,5.10E-06,3
Colorado,1995,19947,19062,0.9556,8,1569180,5.10E-06,3
Colorado,1996,21898,20011,0.9138,8,1510704,5.30E-06,4
Colorado,1997,24300,19629,0.8078,8,1510704,5.30E-06,4
Colorado,1998,27397,21043,0.7681,8,1510704,5.30E-06,4
Colorado,1999,30048,21940,0.7302,8,1510704,5.30E-06,4
Colorado,2000,34663,22929,0.6615,8,1741368,4.59E-06,5
Colorado,2001,34320,24377,0.7103,9,1741368,5.17E-06,5
Colorado,2002,31215,26230,0.8403,9,1741368,5.17E-06,5
Colorado,2003,29326,28874,0.9846,9,1741368,5.17E-06,5
Colorado,2004,30894,30060,0.973,9,2130330,4.23E-06,6
Colorado,2005,35880,31173,0.8688,9,2130330,4.23E-06,6
Connecticut,1981,10713,10411,0.9718,8,1406285,5.69E-06,1
Connecticut,1982,11070,12306,1.1117,8,1406285,5.69E-06,1
Connecticut,1983,10887,12105,1.1119,8,1406285,5.69E-06,1
Connecticut,1984,12105,12791,1.0567,8,1466900,5.45E-06,2
Connecticut,1985,13511,13452,0.9956,8,1466900,5.45E-06,2
Connecticut,1986,14605,13491,0.9237,8,1466900,5.45E-06,2
Connecticut,1987,16896,13600,0.8049,8,1466900,5.45E-06,2
Connecticut,1988,18178,13770,0.7575,8,1443394,5.54E-06,3
Connecticut,1989,19468,15817,0.8125,8,1443394,5.54E-06,3
Connecticut,1990,19537,14782,0.7566,8,1443394,5.54E-06,3
Connecticut,1991,19624,16561,0.8439,8,1443394,5.54E-06,3
Connecticut,1992,20281,16062,0.792,8,1616332,4.95E-06,3
Connecticut,1993,21632,16550,0.7651,8,1616332,4.95E-06,3
Connecticut,1994,23075,16366,0.7093,8,1616332,4.95E-06,3
Connecticut,1995,24939,17505,0.7019,8,1616332,4.95E-06,3
Connecticut,1996,27112,18142,0.6692,8,1392614,5.75E-06,3
Connecticut,1997,30143,18124,0.6013,8,1392614,5.75E-06,3
Connecticut,1998,33220,19437,0.5851,8,1392614,5.75E-06,3
Connecticut,1999,34676,19644,0.5665,8,1392614,5.75E-06,3
Connecticut,2000,38828,19527,0.5029,8,1459525,5.48E-06,3
Connecticut,2001,38981,22760,0.5839,7,1459525,4.80E-06,3
Connecticut,2002,35432,25388,0.7165,7,1459525,4.80E-06,3
Connecticut,2003,33499,28595,0.8536,7,1459525,4.80E-06,3
Connecticut,2004,35296,30304,0.8586,7,1578769,4.43E-06,3
Connecticut,2005,40314,30774,0.7634,7,1578769,4.43E-06,3
Delaware,1981,1693,1500,0.886,3,235668,1.27E-05,1
Delaware,1982,1729,1544,0.893,3,235668,1.27E-05,1
Delaware,1983,1679,1569,0.9345,3,235668,1.27E-05,1
Delaware,1984,1855,1635,0.8814,3,254572,1.18E-05,2
Delaware,1985,2051,1723,0.8401,3,254572,1.18E-05,2
Delaware,1986,2190,1786,0.8155,3,254572,1.18E-05,2
Delaware,1987,2453,1822,0.7428,3,254572,1.18E-05,2
Delaware,1988,2629,2088,0.7942,3,249891,1.20E-05,3
Delaware,1989,2907,2140,0.7362,3,249891,1.20E-05,3
Delaware,1990,3035,2198,0.7242,3,249891,1.20E-05,3
Delaware,1991,3205,2457,0.7666,3,249891,1.20E-05,3
Delaware,1992,3313,2741,0.8273,3,289620,1.04E-05,3
Delaware,1993,3406,2866,0.8415,3,289620,1.04E-05,3
Delaware,1994,3644,2995,0.8219,3,289620,1.04E-05,3
Delaware,1995,3913,3310,0.8459,3,289620,1.04E-05,3
Delaware,1996,4258,3408,0.8004,3,270845,1.11E-05,3
Delaware,1997,4693,3470,0.7394,3,270845,1.11E-05,3
Delaware,1998,5081,3556,0.6999,3,270845,1.11E-05,3
Delaware,1999,5223,3816,0.7306,3,270845,1.11E-05,3
Delaware,2000,5825,3962,0.6802,3,327622,9.16E-06,3
Delaware,2001,5762,4248,0.7372,3,327622,9.16E-06,3
Delaware,2002,5530,4766,0.8618,3,327622,9.16E-06,3
Delaware,2003,5392,5061,0.9386,3,327622,9.16E-06,3
Delaware,2004,5736,5253,0.9158,3,375190,8.00E-06,3
Delaware,2005,6622,5495,0.8298,3,375190,8.00E-06,3
Florida,1981,25871,26385,1.0199,21,3687026,5.70E-06,1
Florida,1982,27160,29368,1.0813,21,3687026,5.70E-06,1
Florida,1983,27372,32577,1.1902,21,3687026,5.70E-06,1
Florida,1984,31183,33223,1.0654,21,4180051,5.02E-06,2
Florida,1985,35150,37384,1.0636,21,4180051,5.02E-06,2
Florida,1986,38664,39537,1.0226,21,4180051,5.02E-06,2
Florida,1987,43322,41398,0.9556,21,4180051,5.02E-06,2
Florida,1988,46856,42997,0.9176,21,4302313,4.88E-06,3
Florida,1989,52360,46871,0.8952,21,4302313,4.88E-06,3
Florida,1990,54358,51587,0.949,25,4302313,5.81E-06,3
Florida,1991,55369,56933,1.0282,25,4302313,5.81E-06,3
Florida,1992,57299,63446,1.1073,25,5314392,4.70E-06,4
Florida,1993,62031,69389,1.1186,25,5314392,4.70E-06,4
Florida,1994,68042,70153,1.031,25,5314392,4.70E-06,4
Florida,1995,73690,75000,1.0178,25,5314392,4.70E-06,4
Florida,1996,81237,79614,0.98,25,5303794,4.71E-06,4
Florida,1997,89537,82645,0.923,25,5303794,4.71E-06,4
Florida,1998,97709,83708,0.8567,25,5303794,4.71E-06,4
Florida,1999,103168,87716,0.8502,25,5303794,4.71E-06,4
Florida,2000,113345,92882,0.8195,25,5963110,4.19E-06,5
Florida,2001,112232,100096,0.8919,27,5963110,4.53E-06,5
Florida,2002,106278,104826,0.9863,27,5963110,4.53E-06,5
Florida,2003,101650,113341,1.115,27,5963110,4.53E-06,5
Florida,2004,113842,121934,1.0711,27,7609810,3.55E-06,6
Florida,2005,135146,134544,0.9955,27,7609810,3.55E-06,6
Georgia,1981,11392,12197,1.0707,12,1597467,7.51E-06,0
Georgia,1982,11957,13234,1.1068,12,1597467,7.51E-06,0
Georgia,1983,12118,14802,1.2215,12,1597467,7.51E-06,0
Georgia,1984,13819,15914,1.1516,12,1776093,6.76E-06,1
Georgia,1985,15770,17546,1.1126,12,1776093,6.76E-06,1
Georgia,1986,16993,18506,1.089,12,1776093,6.76E-06,1
Georgia,1987,19199,19166,0.9983,12,1776093,6.76E-06,1
Georgia,1988,20589,18451,0.8962,12,1809672,6.63E-06,2
Georgia,1989,22307,20149,0.9033,12,1809672,6.63E-06,2
Georgia,1990,23288,21218,0.9111,12,1809672,6.63E-06,2
Georgia,1991,24282,24015,0.989,13,1809672,7.18E-06,2
Georgia,1992,25432,28673,1.1274,13,2321133,5.60E-06,2
Georgia,1993,27783,30377,1.0934,13,2321133,5.60E-06,2
Georgia,1994,30885,32020,1.0367,13,2321133,5.60E-06,2
Georgia,1995,33727,33414,0.9907,13,2321133,5.60E-06,2
Georgia,1996,36919,34857,0.9441,13,2299071,5.65E-06,3
Georgia,1997,40237,35930,0.893,13,2299071,5.65E-06,3
Georgia,1998,44335,37213,0.8394,13,2299071,5.65E-06,3
Georgia,1999,47227,39415,0.8346,13,2299071,5.65E-06,3
Georgia,2000,51779,42525,0.8213,13,2596804,5.01E-06,4
Georgia,2001,51376,47376,0.9221,15,2596804,5.78E-06,4
Georgia,2002,48105,51336,1.0672,15,2596804,5.78E-06,4
Georgia,2003,45863,51910,1.1318,15,2596804,5.78E-06,4
Georgia,2004,48708,55153,1.1323,15,3301875,4.54E-06,5
Georgia,2005,55952,59846,1.0696,15,3301875,4.54E-06,5
Hawaii,1981,2545,3811,1.4974,4,303287,1.32E-05,0
Hawaii,1982,2576,3505,1.3606,4,303287,1.32E-05,0
Hawaii,1983,2538,4054,1.5973,4,303287,1.32E-05,0
Hawaii,1984,2772,4232,1.5267,4,335846,1.19E-05,1
Hawaii,1985,3031,4568,1.5071,4,335846,1.19E-05,1
Hawaii,1986,3247,4643,1.4299,4,335846,1.19E-05,1
Hawaii,1987,3696,4759,1.2876,4,335846,1.19E-05,1
Hawaii,1988,4032,4957,1.2294,4,354461,1.13E-05,1
Hawaii,1989,4637,5571,1.2014,4,354461,1.13E-05,1
Hawaii,1990,5157,5634,1.0925,4,354461,1.13E-05,1
Hawaii,1991,5288,6198,1.1721,4,354461,1.13E-05,1
Hawaii,1992,5301,6636,1.2518,4,372842,1.07E-05,1
Hawaii,1993,5553,7283,1.3115,4,372842,1.07E-05,1
Hawaii,1994,5810,7644,1.3157,4,372842,1.07E-05,1
Hawaii,1995,5940,7450,1.2542,4,372842,1.07E-05,1
Hawaii,1996,6062,7990,1.318,4,360120,1.11E-05,1
Hawaii,1997,6315,8159,1.292,4,360120,1.11E-05,1
Hawaii,1998,6488,8449,1.3023,4,360120,1.11E-05,1
Hawaii,1999,6705,8660,1.2916,4,360120,1.11E-05,1
Hawaii,2000,7314,9036,1.2354,4,367951,1.09E-05,1
Hawaii,2001,7117,9729,1.367,4,367951,1.09E-05,1
Hawaii,2002,6847,10475,1.5299,4,367951,1.09E-05,1
Hawaii,2003,6879,11269,1.6382,4,367951,1.09E-05,1
Hawaii,2004,7362,12187,1.6554,4,429013,9.32E-06,1
Hawaii,2005,8519,12699,1.4907,4,429013,9.32E-06,1
Idaho,1981,1915,1974,1.0308,4,437431,9.14E-06,1
Idaho,1982,1886,2176,1.1538,4,437431,9.14E-06,1
Idaho,1983,1824,2399,1.3152,4,437431,9.14E-06,1
Idaho,1984,2023,2496,1.2338,4,411144,9.73E-06,2
Idaho,1985,2182,2869,1.3148,4,411144,9.73E-06,2
Idaho,1986,2208,3005,1.361,4,411144,9.73E-06,2
Idaho,1987,2395,3164,1.3211,4,411144,9.73E-06,2
Idaho,1988,2569,3407,1.3262,4,408968,9.78E-06,3
Idaho,1989,2865,3776,1.318,4,408968,9.78E-06,3
Idaho,1990,3071,3823,1.2449,4,408968,9.78E-06,3
Idaho,1991,3266,4322,1.3233,4,408968,9.78E-06,3
Idaho,1992,3509,4741,1.3511,4,482114,8.30E-06,4
Idaho,1993,3885,4871,1.2538,4,482114,8.30E-06,4
Idaho,1994,4320,4958,1.1477,4,482114,8.30E-06,4
Idaho,1995,4679,5301,1.1329,4,482114,8.30E-06,4
Idaho,1996,5036,5489,1.09,4,491719,8.14E-06,5
Idaho,1997,5356,5591,1.0439,4,491719,8.14E-06,5
Idaho,1998,5656,5978,1.0569,4,491719,8.14E-06,5
Idaho,1999,6146,6207,1.0099,4,491719,8.14E-06,5
Idaho,2000,6955,7012,1.0082,4,501621,7.97E-06,6
Idaho,2001,6688,7541,1.1275,4,501621,7.97E-06,6
Idaho,2002,6248,8378,1.3409,4,501621,7.97E-06,6
Idaho,2003,6138,8654,1.4099,4,501621,7.97E-06,6
Idaho,2004,6620,8968,1.3547,4,598447,6.68E-06,7
Idaho,2005,7728,9598,1.242,4,598447,6.68E-06,7
Illinois,1981,33134,22620,0.6827,24,4749721,5.05E-06,1
Illinois,1982,33280,23616,0.7096,24,4749721,5.05E-06,1
Illinois,1983,31461,25983,0.8259,24,4749721,5.05E-06,1
Illinois,1984,34497,25506,0.7394,24,4819088,4.98E-06,2
Illinois,1985,37411,28405,0.7593,24,4819088,4.98E-06,2
Illinois,1986,38753,30149,0.778,24,4819088,4.98E-06,2
Illinois,1987,43385,30947,0.7133,24,4819088,4.98E-06,2
Illinois,1988,45811,31962,0.6977,24,4559120,5.26E-06,3
Illinois,1989,49502,34543,0.6978,24,4559120,5.26E-06,3
Illinois,1990,51178,37162,0.7261,24,4559120,5.26E-06,3
Illinois,1991,52382,40942,0.7816,22,4559120,4.83E-06,3
Illinois,1992,54081,44808,0.8285,22,5050157,4.36E-06,3
Illinois,1993,57897,47801,0.8256,22,5050157,4.36E-06,3
Illinois,1994,63608,49049,0.7711,22,5050157,4.36E-06,3
Illinois,1995,68103,50889,0.7472,22,5050157,4.36E-06,3
Illinois,1996,73018,51586,0.7065,22,4311391,5.10E-06,3
Illinois,1997,79145,52874,0.6681,22,4311391,5.10E-06,3
Illinois,1998,85867,54443,0.634,22,4311391,5.10E-06,3
Illinois,1999,89432,56646,0.6334,22,4311391,5.10E-06,3
Illinois,2000,97366,60046,0.6167,22,4742123,4.64E-06,3
Illinois,2001,94677,65144,0.6881,21,4742123,4.43E-06,3
Illinois,2002,87718,70276,0.8012,21,4742123,4.43E-06,3
Illinois,2003,82935,73020,0.8804,21,4742123,4.43E-06,3
Illinois,2004,86948,76828,0.8836,21,5274322,3.98E-06,3
Illinois,2005,99776,80778,0.8096,21,5274322,3.98E-06,3
Indiana,1981,13027,10223,0.7848,12,2242033,5.35E-06,1
Indiana,1982,12981,11072,0.8529,12,2242033,5.35E-06,1
Indiana,1983,12345,12085,0.9789,12,2242033,5.35E-06,1
Indiana,1984,13433,13037,0.9705,12,2233069,5.37E-06,2
Indiana,1985,14558,14375,0.9874,12,2233069,5.37E-06,2
Indiana,1986,14933,14374,0.9626,12,2233069,5.37E-06,2
Indiana,1987,16451,14691,0.893,12,2233069,5.37E-06,2
Indiana,1988,17385,14807,0.8517,12,2168621,5.53E-06,3
Indiana,1989,19019,16069,0.8449,12,2168621,5.53E-06,3
Indiana,1990,19799,17031,0.8602,12,2168621,5.53E-06,3
Indiana,1991,20504,19046,0.9289,12,2168621,5.53E-06,3
Indiana,1992,21336,20179,0.9458,12,2305871,5.20E-06,4
Indiana,1993,23018,22351,0.971,12,2305871,5.20E-06,4
Indiana,1994,25469,22044,0.8655,12,2305871,5.20E-06,4
Indiana,1995,27077,23028,0.8505,12,2305871,5.20E-06,4
Indiana,1996,28591,24250,0.8482,12,2135842,5.62E-06,5
Indiana,1997,30723,25398,0.8267,12,2135842,5.62E-06,5
Indiana,1998,33170,26157,0.7886,12,2135842,5.62E-06,5
Indiana,1999,34297,27013,0.7876,12,2135842,5.62E-06,5
Indiana,2000,36418,28743,0.7893,12,2199302,5.46E-06,6
Indiana,2001,35531,32198,0.9062,11,2199302,5.00E-06,6
Indiana,2002,33508,34200,1.0207,11,2199302,5.00E-06,6
Indiana,2003,32330,35525,1.0988,11,2199302,5.00E-06,6
Indiana,2004,33537,37918,1.1306,11,2468002,4.46E-06,7
Indiana,2005,38081,42347,1.112,11,2468002,4.46E-06,7
Iowa,1981,7141,5031,0.7045,8,1317661,6.07E-06,1
Iowa,1982,7025,5501,0.7831,8,1317661,6.07E-06,1
Iowa,1983,6521,6549,1.0043,8,1317661,6.07E-06,1
Iowa,1984,6959,6333,0.91,8,1319805,6.06E-06,2
Iowa,1985,7291,7645,1.0486,8,1319805,6.06E-06,2
Iowa,1986,7439,8345,1.1218,8,1319805,6.06E-06,2
Iowa,1987,8209,8881,1.0819,8,1319805,6.06E-06,2
Iowa,1988,8600,9697,1.1276,8,1225614,6.53E-06,2
Iowa,1989,9289,9871,1.0627,8,1225614,6.53E-06,2
Iowa,1990,9659,10117,1.0474,8,1225614,6.53E-06,2
Iowa,1991,9999,10403,1.0404,7,1225614,5.71E-06,2
Iowa,1992,10236,11521,1.1255,7,1354607,5.17E-06,2
Iowa,1993,10701,12249,1.1447,7,1354607,5.17E-06,2
Iowa,1994,11660,12940,1.1098,7,1354607,5.17E-06,2
Iowa,1995,12401,13008,1.0489,7,1354607,5.17E-06,2
Iowa,1996,13253,13415,1.0122,7,1234075,5.67E-06,2
Iowa,1997,14360,13542,0.943,7,1234075,5.67E-06,2
Iowa,1998,15292,14562,0.9523,7,1234075,5.67E-06,2
Iowa,1999,15835,15708,0.992,7,1234075,5.67E-06,2
Iowa,2000,16732,14761,0.8822,7,1315563,5.32E-06,2
Iowa,2001,16226,17420,1.0736,7,1315563,5.32E-06,2
Iowa,2002,15397,18839,1.2236,7,1315563,5.32E-06,2
Iowa,2003,14943,17550,1.1745,7,1315563,5.32E-06,2
Iowa,2004,15694,19473,1.2408,7,1506908,4.65E-06,3
Iowa,2005,17830,20345,1.1411,7,1506908,4.65E-06,3
Kansas,1981,6320,5596,0.8854,7,979795,7.14E-06,1
Kansas,1982,6462,6587,1.0193,7,979795,7.14E-06,1
Kansas,1983,6150,7127,1.1589,7,979795,7.14E-06,1
Kansas,1984,6622,8157,1.2318,7,1021991,6.85E-06,2
Kansas,1985,7145,8638,1.209,7,1021991,6.85E-06,2
Kansas,1986,7246,8757,1.2085,7,1021991,6.85E-06,2
Kansas,1987,7934,8760,1.1041,7,1021991,6.85E-06,2
Kansas,1988,8348,8995,1.0775,7,993044,7.05E-06,3
Kansas,1989,9058,9223,1.0182,7,993044,7.05E-06,3
Kansas,1990,9277,9606,1.0355,7,993044,7.05E-06,3
Kansas,1991,9642,10602,1.0996,6,993044,6.04E-06,3
Kansas,1992,9970,11413,1.1447,6,1157256,5.19E-06,4
Kansas,1993,10511,11959,1.1378,6,1157256,5.19E-06,4
Kansas,1994,11388,12400,1.0889,6,1157256,5.19E-06,4
Kansas,1995,11947,12471,1.0439,6,1157256,5.19E-06,4
Kansas,1996,12744,12359,0.9698,6,1074300,5.59E-06,5
Kansas,1997,13845,12647,0.9135,6,1074300,5.59E-06,5
Kansas,1998,14844,13453,0.9063,6,1074300,5.59E-06,5
Kansas,1999,15424,14520,0.9414,6,1074300,5.59E-06,5
Kansas,2000,16664,14282,0.8571,6,1072218,5.60E-06,6
Kansas,2001,16255,16713,1.0282,6,1072218,5.60E-06,6
Kansas,2002,15250,17496,1.1473,6,1072218,5.60E-06,6
Kansas,2003,14655,18208,1.2424,6,1072218,5.60E-06,6
Kansas,2004,15268,19131,1.253,6,1187756,5.05E-06,7
Kansas,2005,17434,20492,1.1754,6,1187756,5.05E-06,7
Kentucky,1981,7119,7430,1.0437,9,1294627,6.95E-06,1
Kentucky,1982,7342,8034,1.0943,9,1294627,6.95E-06,1
Kentucky,1983,7017,8852,1.2615,9,1294627,6.95E-06,1
Kentucky,1984,7672,9369,1.2212,9,1370461,6.57E-06,2
Kentucky,1985,8236,9722,1.1804,9,1370461,6.57E-06,2
Kentucky,1986,8421,12516,1.4863,9,1370461,6.57E-06,2
Kentucky,1987,9261,10367,1.1194,9,1370461,6.57E-06,2
Kentucky,1988,9720,10686,1.0994,9,1322517,6.81E-06,3
Kentucky,1989,10704,12443,1.1625,9,1322517,6.81E-06,3
Kentucky,1990,11145,13711,1.2302,9,1322517,6.81E-06,3
Kentucky,1991,11602,15447,1.3314,8,1322517,6.05E-06,3
Kentucky,1992,12075,15809,1.3092,8,1492900,5.36E-06,3
Kentucky,1993,12885,16878,1.3099,8,1492900,5.36E-06,3
Kentucky,1994,14033,17349,1.2363,8,1492900,5.36E-06,3
Kentucky,1995,15004,19433,1.2952,8,1492900,5.36E-06,3
Kentucky,1996,15957,19742,1.2372,8,1388708,5.76E-06,3
Kentucky,1997,17257,21245,1.2311,8,1388708,5.76E-06,3
Kentucky,1998,18553,22467,1.211,8,1388708,5.76E-06,3
Kentucky,1999,19359,22374,1.1557,8,1388708,5.76E-06,3
Kentucky,2000,20751,24472,1.1793,8,1544187,5.18E-06,4
Kentucky,2001,20496,25873,1.2623,8,1544187,5.18E-06,4
Kentucky,2002,19452,28880,1.4847,8,1544187,5.18E-06,4
Kentucky,2003,18673,31153,1.6683,8,1544187,5.18E-06,4
Kentucky,2004,19434,31714,1.6319,8,1795882,4.46E-06,5
Kentucky,2005,22003,34653,1.5749,8,1795882,4.46E-06,5
Louisiana,1981,10179,10401,1.0218,10,1548591,6.46E-06,1
Louisiana,1982,10524,9889,0.9397,10,1548591,6.46E-06,1
Louisiana,1983,9836,10328,1.05,10,1548591,6.46E-06,1
Louisiana,1984,10354,10692,1.0326,10,1706822,5.86E-06,2
Louisiana,1985,10824,12042,1.1125,10,1706822,5.86E-06,2
Louisiana,1986,10224,12372,1.2101,10,1706822,5.86E-06,2
Louisiana,1987,10604,11821,1.1148,10,1706822,5.86E-06,2
Louisiana,1988,10845,12682,1.1694,10,1628202,6.14E-06,3
Louisiana,1989,11662,14544,1.2471,10,1628202,6.14E-06,3
Louisiana,1990,12228,15330,1.2537,10,1628202,6.14E-06,3
Louisiana,1991,12941,16541,1.2782,9,1628202,5.53E-06,3
Louisiana,1992,13280,18707,1.4087,9,1790017,5.03E-06,3
Louisiana,1993,14063,20488,1.4569,9,1790017,5.03E-06,3
Louisiana,1994,15457,21470,1.389,9,1790017,5.03E-06,3
Louisiana,1995,16508,22526,1.3646,9,1790017,5.03E-06,3
Louisiana,1996,17661,22048,1.2484,9,1783959,5.05E-06,3
Louisiana,1997,19144,23451,1.225,9,1783959,5.05E-06,3
Louisiana,1998,20183,22951,1.1371,9,1783959,5.05E-06,3
Louisiana,1999,20162,24558,1.218,9,1783959,5.05E-06,3
Louisiana,2000,21312,25995,1.2197,9,1765656,5.10E-06,4
Louisiana,2001,21220,27864,1.3131,9,1765656,5.10E-06,4
Louisiana,2002,20227,29990,1.4827,9,1765656,5.10E-06,4
Louisiana,2003,19242,31646,1.6446,9,1765656,5.10E-06,4
Louisiana,2004,19166,32954,1.7194,9,1943106,4.63E-06,5
Louisiana,2005,20563,39628,1.9272,9,1943106,4.63E-06,5
Maine,1981,2186,2758,1.2617,4,523011,7.65E-06,1
Maine,1982,2248,3221,1.4328,4,523011,7.65E-06,1
Maine,1983,2243,3076,1.3714,4,523011,7.65E-06,1
Maine,1984,2502,3342,1.3357,4,553144,7.23E-06,2
Maine,1985,2765,3995,1.4448,4,553144,7.23E-06,2
Maine,1986,3012,3742,1.2424,4,553144,7.23E-06,2
Maine,1987,3464,4109,1.1862,4,553144,7.23E-06,2
Maine,1988,3762,4025,1.0699,4,555035,7.21E-06,3
Maine,1989,4118,4061,0.9862,4,555035,7.21E-06,3
Maine,1990,4149,4956,1.1945,4,555035,7.21E-06,3
Maine,1991,4159,5647,1.3578,4,555035,7.21E-06,3
Maine,1992,4215,6629,1.5727,4,679499,5.89E-06,3
Maine,1993,4460,6695,1.5011,4,679499,5.89E-06,3
Maine,1994,4840,6678,1.3798,4,679499,5.89E-06,3
Maine,1995,5107,6649,1.3019,4,679499,5.89E-06,3
Maine,1996,5412,6819,1.26,4,605897,6.60E-06,3
Maine,1997,5910,7250,1.2267,4,605897,6.60E-06,3
Maine,1998,6364,7472,1.1741,4,605897,6.60E-06,3
Maine,1999,6596,7456,1.1304,4,605897,6.60E-06,3
Maine,2000,7420,7853,1.0584,4,651817,6.14E-06,3
Maine,2001,7389,8189,1.1083,4,651817,6.14E-06,3
Maine,2002,6924,9205,1.3294,4,651817,6.14E-06,3
Maine,2003,6610,9966,1.5077,4,651817,6.14E-06,3
Maine,2004,6836,10865,1.5894,4,740752,5.40E-06,3
Maine,2005,7728,11365,1.4706,4,740752,5.40E-06,3
Maryland,1981,12197,14362,1.1775,10,1540496,6.49E-06,0
Maryland,1982,12526,15505,1.2378,10,1540496,6.49E-06,0
Maryland,1983,12334,18036,1.4623,10,1540496,6.49E-06,0
Maryland,1984,14111,18783,1.3311,10,1675873,5.97E-06,1
Maryland,1985,15550,20807,1.3381,10,1675873,5.97E-06,1
Maryland,1986,16424,21686,1.3204,10,1675873,5.97E-06,1
Maryland,1987,18551,23186,1.2499,10,1675873,5.97E-06,1
Maryland,1988,19978,23745,1.1886,10,1714358,5.83E-06,2
Maryland,1989,21954,25041,1.1406,10,1714358,5.83E-06,2
Maryland,1990,22755,27281,1.1989,10,1714358,5.83E-06,2
Maryland,1991,23344,29811,1.277,10,1714358,5.83E-06,2
Maryland,1992,23854,32481,1.3617,10,1985046,5.04E-06,2
Maryland,1993,25235,33829,1.3406,10,1985046,5.04E-06,2
Maryland,1994,27419,35791,1.3053,10,1985046,5.04E-06,2
Maryland,1995,28939,37089,1.2816,10,1985046,5.04E-06,2
Maryland,1996,30770,37110,1.206,10,1780870,5.62E-06,2
Maryland,1997,33861,38869,1.1479,10,1780870,5.62E-06,2
Maryland,1998,36049,41593,1.1538,10,1780870,5.62E-06,2
Maryland,1999,37921,42339,1.1165,10,1780870,5.62E-06,2
Maryland,2000,42135,45365,1.0767,10,2025480,4.94E-06,2
Maryland,2001,42548,48244,1.1339,10,2025480,4.94E-06,2
Maryland,2002,40876,53995,1.3209,10,2025480,4.94E-06,2
Maryland,2003,39709,57646,1.4517,10,2025480,4.94E-06,2
Maryland,2004,42648,64726,1.5177,10,2386678,4.19E-06,2
Maryland,2005,49178,66720,1.3567,10,2386678,4.19E-06,2
Massachusetts,1981,15609,16575,1.0619,13,2524298,5.15E-06,1
Massachusetts,1982,16432,18015,1.0963,13,2524298,5.15E-06,1
Massachusetts,1983,16515,20252,1.2263,13,2524298,5.15E-06,1
Massachusetts,1984,18500,21422,1.1579,13,2559453,5.08E-06,2
Massachusetts,1985,20622,23167,1.1234,13,2559453,5.08E-06,2
Massachusetts,1986,22149,24937,1.1259,13,2559453,5.08E-06,2
Massachusetts,1987,25399,25513,1.0045,13,2559453,5.08E-06,2
Massachusetts,1988,27103,25079,0.9253,13,2632805,4.94E-06,2
Massachusetts,1989,28842,28474,0.9872,13,2632805,4.94E-06,2
Massachusetts,1990,28817,30257,1.05,13,2632805,4.94E-06,2
Massachusetts,1991,29079,32487,1.1172,12,2632805,4.56E-06,2
Massachusetts,1992,29939,33700,1.1256,12,2773574,4.33E-06,2
Massachusetts,1993,32067,64852,2.0224,12,2773574,4.33E-06,2
Massachusetts,1994,34989,35290,1.0086,12,2773574,4.33E-06,2
Massachusetts,1995,37864,35822,0.9461,12,2773574,4.33E-06,2
Massachusetts,1996,41178,36136,0.8776,12,2556785,4.69E-06,2
Massachusetts,1997,45429,37086,0.8164,12,2556785,4.69E-06,2
Massachusetts,1998,49349,37208,0.754,12,2556785,4.69E-06,2
Massachusetts,1999,53108,38820,0.731,12,2556785,4.69E-06,2
Massachusetts,2000,63795,40860,0.6405,12,2702984,4.44E-06,2
Massachusetts,2001,62344,44221,0.7093,12,2702984,4.44E-06,2
Massachusetts,2002,55238,47484,0.8596,12,2702984,4.44E-06,2
Massachusetts,2003,51857,51265,0.9886,12,2702984,4.44E-06,2
Massachusetts,2004,54761,53120,0.97,12,2912388,4.12E-06,2
Massachusetts,2005,63003,55830,0.8861,12,2912388,4.12E-06,2
Michigan,1981,23140,18337,0.7924,20,3909725,5.12E-06,1
Michigan,1982,22662,18738,0.8268,20,3909725,5.12E-06,1
Michigan,1983,21723,19995,0.9205,20,3909725,5.12E-06,1
Michigan,1984,24510,20298,0.8282,20,3801658,5.26E-06,2
Michigan,1985,27783,22221,0.7998,20,3801658,5.26E-06,2
Michigan,1986,29209,23402,0.8012,20,3801658,5.26E-06,2
Michigan,1987,31916,23348,0.7315,20,3801658,5.26E-06,2
Michigan,1988,33173,23651,0.713,20,3669163,5.45E-06,2
Michigan,1989,35886,26109,0.7276,20,3669163,5.45E-06,2
Michigan,1990,36728,29433,0.8014,20,3669163,5.45E-06,2
Michigan,1991,37449,31968,0.8536,18,3669163,4.91E-06,2
Michigan,1992,38420,36137,0.9406,18,4274673,4.21E-06,2
Michigan,1993,41239,37238,0.903,18,4274673,4.21E-06,2
Michigan,1994,46453,38635,0.8317,18,4274673,4.21E-06,2
Michigan,1995,50084,39567,0.79,18,4274673,4.21E-06,2
Michigan,1996,52939,39633,0.7487,18,3848844,4.68E-06,2
Michigan,1997,56346,41236,0.7318,18,3848844,4.68E-06,2
Michigan,1998,60808,41986,0.6905,18,3848844,4.68E-06,2
Michigan,1999,63562,44128,0.6943,18,3848844,4.68E-06,2
Michigan,2000,67768,46851,0.6913,18,4232501,4.25E-06,2
Michigan,2001,64983,51722,0.7959,17,4232501,4.02E-06,2
Michigan,2002,60473,55910,0.9245,17,4232501,4.02E-06,2
Michigan,2003,57751,57870,1.0021,17,4232501,4.02E-06,2
Michigan,2004,58972,60488,1.0257,17,4839252,3.51E-06,2
Michigan,2005,66326,64787,0.9768,17,4839252,3.51E-06,2
Minnesota,1981,10313,8470,0.8213,10,2051953,4.87E-06,0
Minnesota,1982,10470,9019,0.8614,10,2051953,4.87E-06,0
Minnesota,1983,10078,10126,1.0048,10,2051953,4.87E-06,0
Minnesota,1984,11202,10592,0.9455,10,2084449,4.80E-06,0
Minnesota,1985,12340,11757,0.9528,10,2084449,4.80E-06,0
Minnesota,1986,13077,12431,0.9506,10,2084449,4.80E-06,0
Minnesota,1987,14672,13227,0.9015,10,2084449,4.80E-06,0
Minnesota,1988,15577,13840,0.8885,10,2096790,4.77E-06,0
Minnesota,1989,17097,14437,0.8444,10,2096790,4.77E-06,0
Minnesota,1990,17858,14954,0.8374,10,2096790,4.77E-06,0
Minnesota,1991,18486,16532,0.8943,10,2096790,4.77E-06,0
Minnesota,1992,19421,17033,0.877,10,2347948,4.26E-06,0
Minnesota,1993,20690,18122,0.8759,10,2347948,4.26E-06,0
Minnesota,1994,22731,18641,0.8201,10,2347948,4.26E-06,0
Minnesota,1995,24504,19015,0.776,10,2347948,4.26E-06,0
Minnesota,1996,26944,18994,0.7049,10,2192640,4.56E-06,0
Minnesota,1997,29016,20006,0.6895,10,2192640,4.56E-06,0
Minnesota,1998,31689,20440,0.645,10,2192640,4.56E-06,0
Minnesota,1999,33483,21897,0.654,10,2192640,4.56E-06,0
Minnesota,2000,36900,23013,0.6237,10,2438685,4.10E-06,0
Minnesota,2001,36301,24959,0.6876,10,2438685,4.10E-06,0
Minnesota,2002,33988,27056,0.796,10,2438685,4.10E-06,0
Minnesota,2003,33352,27580,0.8269,10,2438685,4.10E-06,0
Minnesota,2004,35296,28791,0.8157,10,2828387,3.54E-06,0
Minnesota,2005,40578,31067,0.7656,10,2828387,3.54E-06,0
Mississippi,1981,4191,6477,1.5455,7,892620,7.84E-06,1
Mississippi,1982,4314,6723,1.5584,7,892620,7.84E-06,1
Mississippi,1983,4085,7715,1.8886,7,892620,7.84E-06,1
Mississippi,1984,4464,8279,1.8546,7,940192,7.45E-06,2
Mississippi,1985,4824,7807,1.6184,7,940192,7.45E-06,2
Mississippi,1986,4876,8475,1.7381,7,940192,7.45E-06,2
Mississippi,1987,5276,8725,1.6537,7,940192,7.45E-06,2
Mississippi,1988,5575,9895,1.7749,7,931527,7.52E-06,3
Mississippi,1989,6082,9343,1.5362,7,931527,7.52E-06,3
Mississippi,1990,6308,10202,1.6173,7,931527,7.52E-06,3
Mississippi,1991,6594,11377,1.7254,7,931527,7.52E-06,3
Mississippi,1992,6928,13528,1.9527,7,981793,7.13E-06,4
Mississippi,1993,7538,13085,1.7359,7,981793,7.13E-06,4
Mississippi,1994,8455,14029,1.6593,7,981793,7.13E-06,4
Mississippi,1995,9121,14251,1.5624,7,981793,7.13E-06,4
Mississippi,1996,9621,15184,1.5782,7,893857,7.83E-06,5
Mississippi,1997,10247,15091,1.4727,7,893857,7.83E-06,5
Mississippi,1998,10987,15346,1.3967,7,893857,7.83E-06,5
Mississippi,1999,11436,16564,1.4484,7,893857,7.83E-06,5
Mississippi,2000,12015,18389,1.5305,7,994184,7.04E-06,6
Mississippi,2001,11894,20277,1.7048,6,994184,6.04E-06,6
Mississippi,2002,11386,21311,1.8717,6,994184,6.04E-06,6
Mississippi,2003,10989,21741,1.9784,6,994184,6.04E-06,6
Mississippi,2004,11271,22338,1.9819,6,1152145,5.21E-06,7
Mississippi,2005,12434,26181,2.1056,6,1152145,5.21E-06,7
Missouri,1981,11453,15130,1.3211,11,2099824,5.24E-06,1
Missouri,1982,11855,16544,1.3955,11,2099824,5.24E-06,1
Missouri,1983,11557,19055,1.6488,11,2099824,5.24E-06,1
Missouri,1984,12756,20334,1.5941,11,2122771,5.18E-06,2
Missouri,1985,13991,22422,1.6026,11,2122771,5.18E-06,2
Missouri,1986,14605,20894,1.4306,11,2122771,5.18E-06,2
Missouri,1987,15997,21063,1.3167,11,2122771,5.18E-06,2
Missouri,1988,16590,21559,1.2995,11,2093228,5.26E-06,3
Missouri,1989,17910,23564,1.3157,11,2093228,5.26E-06,3
Missouri,1990,18387,24420,1.3281,11,2093228,5.26E-06,3
Missouri,1991,19018,26497,1.3933,11,2093228,5.26E-06,3
Missouri,1992,19732,26221,1.3289,11,2391270,4.60E-06,3
Missouri,1993,21029,29432,1.3996,11,2391270,4.60E-06,3
Missouri,1994,23076,31297,1.3563,11,2391270,4.60E-06,3
Missouri,1995,24589,31541,1.2827,11,2391270,4.60E-06,3
Missouri,1996,26260,35321,1.345,11,2158065,5.10E-06,3
Missouri,1997,28255,31833,1.1266,11,2158065,5.10E-06,3
Missouri,1998,30347,32730,1.0785,11,2158065,5.10E-06,3
Missouri,1999,31408,33474,1.0658,11,2158065,5.10E-06,3
Missouri,2000,33895,35730,1.0541,11,2359892,4.66E-06,4
Missouri,2001,33307,39229,1.1778,11,2359892,4.66E-06,4
Missouri,2002,31175,42347,1.3584,11,2359892,4.66E-06,4
Missouri,2003,29696,43874,1.4774,11,2359892,4.66E-06,4
Missouri,2004,30820,45730,1.4838,11,2731364,4.03E-06,5
Missouri,2005,35171,48273,1.3725,11,2731364,4.03E-06,5
Montana,1981,1792,1778,0.9922,4,363952,1.10E-05,1
Montana,1982,1821,1861,1.022,4,363952,1.10E-05,1
Montana,1983,1727,2205,1.2768,4,363952,1.10E-05,1
Montana,1984,1849,2377,1.2856,4,384377,1.04E-05,2
Montana,1985,1935,2775,1.4341,4,384377,1.04E-05,2
Montana,1986,1912,2821,1.4754,4,384377,1.04E-05,2
Montana,1987,2043,2887,1.4131,4,384377,1.04E-05,2
Montana,1988,2132,2929,1.3738,4,365674,1.09E-05,3
Montana,1989,2356,3303,1.402,4,365674,1.09E-05,3
Montana,1990,2429,3421,1.4084,4,365674,1.09E-05,3
Montana,1991,2576,3745,1.4538,3,365674,8.20E-06,3
Montana,1992,2718,4141,1.5235,3,410583,7.31E-06,3
Montana,1993,2959,4408,1.4897,3,410583,7.31E-06,3
Montana,1994,3218,4613,1.4335,3,410583,7.31E-06,3
Montana,1995,3389,4829,1.4249,3,410583,7.31E-06,3
Montana,1996,3555,4972,1.3986,3,407261,7.37E-06,4
Montana,1997,3761,5236,1.3922,3,407261,7.37E-06,4
Montana,1998,4036,5480,1.3578,3,407261,7.37E-06,4
Montana,1999,4195,6251,1.4901,3,407261,7.37E-06,4
Montana,2000,4533,5920,1.306,3,410997,7.30E-06,5
Montana,2001,4552,6630,1.4565,3,410997,7.30E-06,5
Montana,2002,4365,6974,1.5977,3,410997,7.30E-06,5
Montana,2003,4320,7092,1.6417,3,410997,7.30E-06,5
Montana,2004,4577,7494,1.6373,3,450445,6.66E-06,6
Montana,2005,5228,7814,1.4946,3,450445,6.66E-06,6
Nebraska,1981,3733,3202,0.8578,5,640854,7.80E-06,1
Nebraska,1982,3784,3504,0.926,5,640854,7.80E-06,1
Nebraska,1983,3585,4110,1.1464,5,640854,7.80E-06,1
Nebraska,1984,3883,4119,1.0608,5,652090,7.67E-06,2
Nebraska,1985,4155,4736,1.1398,5,652090,7.67E-06,2
Nebraska,1986,4264,5211,1.2221,5,652090,7.67E-06,2
Nebraska,1987,4653,5331,1.1457,5,652090,7.67E-06,2
Nebraska,1988,4938,5935,1.2019,5,662372,7.55E-06,3
Nebraska,1989,5365,5771,1.0757,5,662372,7.55E-06,3
Nebraska,1990,5604,6086,1.086,5,662372,7.55E-06,3
Nebraska,1991,5836,6441,1.1037,5,662372,7.55E-06,3
Nebraska,1992,6042,6941,1.1488,5,739283,6.76E-06,4
Nebraska,1993,6422,7645,1.1904,5,739283,6.76E-06,4
Nebraska,1994,6967,7439,1.0677,5,739283,6.76E-06,4
Nebraska,1995,7519,7461,0.9923,5,739283,6.76E-06,4
Nebraska,1996,8116,7591,0.9353,5,677415,7.38E-06,5
Nebraska,1997,8720,7838,0.8989,5,677415,7.38E-06,5
Nebraska,1998,9405,8268,0.8791,5,677415,7.38E-06,5
Nebraska,1999,9813,8844,0.9013,5,677415,7.38E-06,5
Nebraska,2000,10504,9617,0.9156,5,697019,7.17E-06,6
Nebraska,2001,10193,10784,1.058,5,697019,7.17E-06,6
Nebraska,2002,9527,11583,1.2158,5,697019,7.17E-06,6
Nebraska,2003,9295,11000,1.1834,5,697019,7.17E-06,6
Nebraska,2004,9774,11795,1.2068,5,778186,6.43E-06,7
Nebraska,2005,11261,12785,1.1353,5,778186,6.43E-06,7
Nevada,1981,2620,2178,0.8313,4,247885,1.61E-05,1
Nevada,1982,2620,2289,0.8737,4,247885,1.61E-05,1
Nevada,1983,2594,2608,1.0054,4,247885,1.61E-05,1
Nevada,1984,2886,2807,0.9726,4,286667,1.40E-05,2
Nevada,1985,3219,3085,0.9584,4,286667,1.40E-05,2
Nevada,1986,3507,3723,1.0616,4,286667,1.40E-05,2
Nevada,1987,3971,3461,0.8716,4,286667,1.40E-05,2
Nevada,1988,4498,3429,0.7623,4,350067,1.14E-05,3
Nevada,1989,5056,3955,0.7822,4,350067,1.14E-05,3
Nevada,1990,5589,4183,0.7484,4,350067,1.14E-05,3
Nevada,1991,5977,4968,0.8312,4,350067,1.14E-05,3
Nevada,1992,6438,5428,0.8431,4,506318,7.90E-06,3
Nevada,1993,7280,5780,0.794,4,506318,7.90E-06,3
Nevada,1994,8212,6082,0.7406,4,506318,7.90E-06,3
Nevada,1995,9092,6665,0.7331,4,506318,7.90E-06,3
Nevada,1996,10349,7514,0.7261,4,464279,8.62E-06,3
Nevada,1997,11376,7115,0.6254,4,464279,8.62E-06,3
Nevada,1998,12700,7573,0.5963,4,464279,8.62E-06,3
Nevada,1999,13953,8013,0.5743,4,464279,8.62E-06,3
Nevada,2000,15465,8633,0.5582,4,608970,6.57E-06,4
Nevada,2001,15275,9630,0.6304,5,608970,8.21E-06,4
Nevada,2002,14647,10737,0.7331,5,608970,8.21E-06,4
Nevada,2003,14677,11637,0.7929,5,608970,8.21E-06,4
Nevada,2004,16836,12769,0.7584,5,829587,6.03E-06,5
Nevada,2005,20135,14089,0.6997,5,829587,6.03E-06,5
New Hampshire,1981,2369,2226,0.9396,4,383999,1.04E-05,1
New Hampshire,1982,2502,2463,0.9844,4,383999,1.04E-05,1
New Hampshire,1983,2556,2679,1.0481,4,383999,1.04E-05,1
New Hampshire,1984,2915,2903,0.9959,4,388954,1.03E-05,2
New Hampshire,1985,3363,3133,0.9316,4,388954,1.03E-05,2
New Hampshire,1986,3784,2973,0.7857,4,388954,1.03E-05,2
New Hampshire,1987,4349,3042,0.6995,4,388954,1.03E-05,2
New Hampshire,1988,4715,3198,0.6783,4,450525,8.88E-06,3
New Hampshire,1989,5027,3402,0.6767,4,450525,8.88E-06,3
New Hampshire,1990,4954,3607,0.7281,4,450525,8.88E-06,3
New Hampshire,1991,4963,3936,0.7931,4,450525,8.88E-06,3
New Hampshire,1992,5125,4362,0.8511,4,537215,7.45E-06,3
New Hampshire,1993,5484,4145,0.7558,4,537215,7.45E-06,3
New Hampshire,1994,5943,4621,0.7776,4,537215,7.45E-06,3
New Hampshire,1995,6391,4890,0.7651,4,537215,7.45E-06,3
New Hampshire,1996,6991,5049,0.7222,4,499175,8.01E-06,3
New Hampshire,1997,7735,5057,0.6538,4,499175,8.01E-06,3
New Hampshire,1998,8495,5278,0.6213,4,499175,8.01E-06,3
New Hampshire,1999,9069,5389,0.5942,4,499175,8.01E-06,3
New Hampshire,2000,10521,5805,0.5518,4,569081,7.03E-06,4
New Hampshire,2001,10278,6317,0.6146,4,569081,7.03E-06,4
New Hampshire,2002,9336,6937,0.743,4,569081,7.03E-06,4
New Hampshire,2003,8894,7349,0.8263,4,569081,7.03E-06,4
New Hampshire,2004,9389,7959,0.8477,4,677738,5.90E-06,4
New Hampshire,2005,10649,8331,0.7823,4,677738,5.90E-06,4
New Jersey,1981,23205,16163,0.6965,16,2975684,5.38E-06,1
New Jersey,1982,24437,17530,0.7174,16,2975684,5.38E-06,1
New Jersey,1983,24413,18562,0.7603,16,2975684,5.38E-06,1
New Jersey,1984,27115,20360,0.7509,16,3217862,4.97E-06,2
New Jersey,1985,30358,22016,0.7252,16,3217862,4.97E-06,2
New Jersey,1986,32360,22302,0.6892,16,3217862,4.97E-06,2
New Jersey,1987,36906,23031,0.624,16,3217862,4.97E-06,2
New Jersey,1988,39588,23984,0.6058,16,3099553,5.16E-06,3
New Jersey,1989,42086,26044,0.6188,16,3099553,5.16E-06,3
New Jersey,1990,42767,28465,0.6656,16,3099553,5.16E-06,3
New Jersey,1991,43137,31114,0.7213,15,3099553,4.84E-06,3
New Jersey,1992,44609,34680,0.7774,15,3343594,4.49E-06,3
New Jersey,1993,46565,36257,0.7786,15,3343594,4.49E-06,3
New Jersey,1994,50047,36839,0.7361,15,3343594,4.49E-06,3
New Jersey,1995,53690,37920,0.7063,15,3343594,4.49E-06,3
New Jersey,1996,57943,38467,0.6639,15,3075807,4.88E-06,3
New Jersey,1997,63383,39862,0.6289,15,3075807,4.88E-06,3
New Jersey,1998,69179,40415,0.5842,15,3075807,4.88E-06,3
New Jersey,1999,73718,41204,0.5589,15,3075807,4.88E-06,3
New Jersey,2000,83130,43654,0.5251,15,3187226,4.71E-06,3
New Jersey,2001,83003,46285,0.5576,15,3187226,4.71E-06,3
New Jersey,2002,76560,50673,0.6619,15,3187226,4.71E-06,3
New Jersey,2003,72846,53679,0.7369,15,3187226,4.71E-06,3
New Jersey,2004,75382,55264,0.7331,15,3611691,4.15E-06,3
New Jersey,2005,86112,58617,0.6807,15,3611691,4.15E-06,3
New Mexico,1981,2739,4978,1.8175,5,456237,1.10E-05,1
New Mexico,1982,2872,5246,1.8266,5,456237,1.10E-05,1
New Mexico,1983,2786,5376,1.9296,5,456237,1.10E-05,1
New Mexico,1984,3045,6131,2.0135,5,514370,9.72E-06,2
New Mexico,1985,3359,6572,1.9565,5,514370,9.72E-06,2
New Mexico,1986,3407,7092,2.0816,5,514370,9.72E-06,2
New Mexico,1987,3674,7366,2.0049,5,514370,9.72E-06,2
New Mexico,1988,3840,8685,2.2617,5,521287,9.59E-06,3
New Mexico,1989,4176,8184,1.9598,5,521287,9.59E-06,3
New Mexico,1990,4368,8696,1.9908,5,521287,9.59E-06,3
New Mexico,1991,4656,9479,2.0359,5,521287,9.59E-06,3
New Mexico,1992,4846,10504,2.1676,5,569986,8.77E-06,3
New Mexico,1993,5321,11296,2.1229,5,569986,8.77E-06,3
New Mexico,1994,5930,11255,1.898,5,569986,8.77E-06,3
New Mexico,1995,6394,11826,1.8495,5,569986,8.77E-06,3
New Mexico,1996,6779,12141,1.791,5,556074,8.99E-06,3
New Mexico,1997,7258,12454,1.7159,5,556074,8.99E-06,3
New Mexico,1998,7670,12959,1.6896,5,556074,8.99E-06,3
New Mexico,1999,7968,13616,1.7088,5,556074,8.99E-06,3
New Mexico,2000,7852,14484,1.8446,5,598605,8.35E-06,3
New Mexico,2001,9156,16609,1.814,5,598605,8.35E-06,3
New Mexico,2002,8568,17481,2.0403,5,598605,8.35E-06,3
New Mexico,2003,8090,18736,2.3159,5,598605,8.35E-06,3
New Mexico,2004,8545,19864,2.3246,5,756304,6.61E-06,4
New Mexico,2005,9891,20604,2.0831,5,756304,6.61E-06,4
New York,1981,48641,43574,0.8958,36,6201959,5.81E-06,1
New York,1982,50656,45986,0.9078,36,6201959,5.81E-06,1
New York,1983,50018,50106,1.0018,36,6201959,5.81E-06,1
New York,1984,55358,53393,0.9645,36,6806810,5.29E-06,2
New York,1985,61085,56773,0.9294,36,6806810,5.29E-06,2
New York,1986,65378,59448,0.9093,36,6806810,5.29E-06,2
New York,1987,73525,60252,0.8195,36,6806810,5.29E-06,2
New York,1988,78614,60677,0.7718,36,6485683,5.55E-06,2
New York,1989,84762,65143,0.7685,36,6485683,5.55E-06,2
New York,1990,86944,69900,0.804,36,6485683,5.55E-06,2
New York,1991,87871,77277,0.8794,33,6485683,5.09E-06,2
New York,1992,90151,86414,0.9585,33,6926925,4.76E-06,2
New York,1993,95508,88781,0.9296,33,6926925,4.76E-06,2
New York,1994,101498,89449,0.8813,33,6926925,4.76E-06,2
New York,1995,107385,94664,0.8815,33,6926925,4.76E-06,2
New York,1996,116356,95798,0.8233,33,6316129,5.23E-06,3
New York,1997,126903,98138,0.7733,33,6316129,5.23E-06,3
New York,1998,136418,99979,0.7329,33,6316129,5.23E-06,3
New York,1999,144289,103393,0.7166,33,6316129,5.23E-06,3
New York,2000,158806,110459,0.6956,33,6821999,4.84E-06,3
New York,2001,162238,116528,0.7183,31,6821999,4.54E-06,3
New York,2002,148654,128996,0.8678,31,6821999,4.54E-06,3
New York,2003,140423,137898,0.982,31,6821999,4.54E-06,3
New York,2004,147454,143903,0.9759,31,7391036,4.19E-06,3
New York,2005,168710,144876,0.8587,31,7391036,4.19E-06,3
North Carolina,1981,11797,11189,0.9485,13,1855833,7.01E-06,1
North Carolina,1982,12185,11951,0.9808,13,1855833,7.01E-06,1
North Carolina,1983,12155,12874,1.0592,13,1855833,7.01E-06,1
North Carolina,1984,13974,13626,0.9751,13,2175361,5.98E-06,2
North Carolina,1985,15651,15005,0.9587,13,2175361,5.98E-06,2
North Carolina,1986,16685,15746,0.9437,13,2175361,5.98E-06,2
North Carolina,1987,18631,16598,0.8909,13,2175361,5.98E-06,2
North Carolina,1988,20005,17743,0.8869,13,2134370,6.09E-06,3
North Carolina,1989,22243,19106,0.859,13,2134370,6.09E-06,3
North Carolina,1990,22820,20573,0.9015,13,2134370,6.09E-06,3
North Carolina,1991,23619,23570,0.9979,14,2134370,6.56E-06,3
North Carolina,1992,24889,26172,1.0515,14,2611850,5.36E-06,4
North Carolina,1993,26947,27352,1.015,14,2611850,5.36E-06,4
North Carolina,1994,29769,28739,0.9654,14,2611850,5.36E-06,4
North Carolina,1995,32224,30692,0.9525,14,2611850,5.36E-06,4
North Carolina,1996,34679,33370,0.9623,14,2515807,5.57E-06,5
North Carolina,1997,38078,34592,0.9085,14,2515807,5.57E-06,5
North Carolina,1998,41642,35744,0.8584,14,2515807,5.57E-06,5
North Carolina,1999,43883,37482,0.8541,14,2515807,5.57E-06,5
North Carolina,2000,47634,41414,0.8694,14,2911262,4.81E-06,6
North Carolina,2001,46843,44602,0.9522,15,2911262,5.15E-06,6
North Carolina,2002,44051,48180,1.0937,15,2911262,5.15E-06,6
North Carolina,2003,42933,51766,1.2057,15,2911262,5.15E-06,6
North Carolina,2004,45854,55233,1.2045,15,3501007,4.28E-06,7
North Carolina,2005,52547,59162,1.1259,15,3501007,4.28E-06,7
North Dakota,1981,1666,1510,0.9064,3,301545,9.95E-06,1
North Dakota,1982,1690,1640,0.9704,3,301545,9.95E-06,1
North Dakota,1983,1531,2130,1.3912,3,301545,9.95E-06,1
North Dakota,1984,1619,2275,1.4052,3,308971,9.71E-06,2
North Dakota,1985,1695,2691,1.5876,3,308971,9.71E-06,2
North Dakota,1986,1683,2818,1.6744,3,308971,9.71E-06,2
North Dakota,1987,1794,3002,1.6734,3,308971,9.71E-06,2
North Dakota,1988,1784,2881,1.6149,3,297261,1.01E-05,3
North Dakota,1989,1901,3090,1.6255,3,297261,1.01E-05,3
North Dakota,1990,1995,2945,1.4762,3,297261,1.01E-05,3
North Dakota,1991,2092,3273,1.5645,3,297261,1.01E-05,3
North Dakota,1992,2168,3499,1.6139,3,308133,9.74E-06,4
North Dakota,1993,2314,3696,1.5972,3,308133,9.74E-06,4
North Dakota,1994,2495,3876,1.5535,3,308133,9.74E-06,4
North Dakota,1995,2605,3779,1.4507,3,308133,9.74E-06,4
North Dakota,1996,2771,3605,1.301,3,266411,1.13E-05,5
North Dakota,1997,2896,4204,1.4517,3,266411,1.13E-05,5
North Dakota,1998,3073,4139,1.3469,3,266411,1.13E-05,5
North Dakota,1999,3200,4578,1.4306,3,266411,1.13E-05,5
North Dakota,2000,3421,5246,1.5335,3,288256,1.04E-05,6
North Dakota,2001,3382,5957,1.7614,3,288256,1.04E-05,6
North Dakota,2002,3254,6437,1.9782,3,288256,1.04E-05,6
North Dakota,2003,3199,5726,1.7899,3,288256,1.04E-05,6
North Dakota,2004,3375,6035,1.7881,3,312833,9.59E-06,7
North Dakota,2005,3829,6608,1.7258,3,312833,9.59E-06,7
Ohio,1981,26682,22015,0.8251,23,4283603,5.37E-06,1
Ohio,1982,26477,24214,0.9145,23,4283603,5.37E-06,1
Ohio,1983,25084,26237,1.046,23,4283603,5.37E-06,1
Ohio,1984,27693,25671,0.927,23,4547619,5.06E-06,2
Ohio,1985,30211,28707,0.9502,23,4547619,5.06E-06,2
Ohio,1986,30988,31823,1.0269,23,4547619,5.06E-06,2
Ohio,1987,34447,31207,0.9059,23,4547619,5.06E-06,2
Ohio,1988,35852,33521,0.935,23,4393699,5.24E-06,3
Ohio,1989,38650,36313,0.9395,23,4393699,5.24E-06,3
Ohio,1990,39897,38349,0.9612,23,4393699,5.24E-06,3
Ohio,1991,41032,41783,1.0183,21,4393699,4.78E-06,3
Ohio,1992,42257,43843,1.0375,21,4939964,4.25E-06,3
Ohio,1993,45180,46355,1.026,21,4939964,4.25E-06,3
Ohio,1994,49297,47411,0.9617,21,4939964,4.25E-06,3
Ohio,1995,52363,50516,0.9647,21,4939964,4.25E-06,3
Ohio,1996,55332,50601,0.9145,21,4534434,4.63E-06,3
Ohio,1997,59341,50998,0.8594,21,4534434,4.63E-06,3
Ohio,1998,63412,52099,0.8216,21,4534434,4.63E-06,3
Ohio,1999,66054,53772,0.8141,21,4534434,4.63E-06,3
Ohio,2000,69481,57387,0.8259,21,4705457,4.46E-06,4
Ohio,2001,67499,61801,0.9156,20,4705457,4.25E-06,4
Ohio,2002,63423,65978,1.0403,20,4705457,4.25E-06,4
Ohio,2003,60305,69902,1.1591,20,4705457,4.25E-06,4
Ohio,2004,62501,73195,1.1711,20,5627908,3.55E-06,5
Ohio,2005,70304,77881,1.1078,20,5627908,3.55E-06,5
Oklahoma,1981,7743,7027,0.9075,8,1149708,6.96E-06,1
Oklahoma,1982,8324,8233,0.9891,8,1149708,6.96E-06,1
Oklahoma,1983,7772,7783,1.0014,8,1149708,6.96E-06,1
Oklahoma,1984,8210,8405,1.0238,8,1255676,6.37E-06,2
Oklahoma,1985,8654,9111,1.0528,8,1255676,6.37E-06,2
Oklahoma,1986,8278,9750,1.1778,8,1255676,6.37E-06,2
Oklahoma,1987,8572,10069,1.1746,8,1255676,6.37E-06,2
Oklahoma,1988,8783,10762,1.2253,8,1171036,6.83E-06,3
Oklahoma,1989,9493,11272,1.1874,8,1171036,6.83E-06,3
Oklahoma,1990,9898,11963,1.2086,8,1171036,6.83E-06,3
Oklahoma,1991,10228,13120,1.2828,8,1171036,6.83E-06,3
Oklahoma,1992,10416,14502,1.3923,8,1390359,5.75E-06,4
Oklahoma,1993,10926,15022,1.3749,8,1390359,5.75E-06,4
Oklahoma,1994,11834,15464,1.3067,8,1390359,5.75E-06,4
Oklahoma,1995,12445,16132,1.2963,8,1390359,5.75E-06,4
Oklahoma,1996,13246,16843,1.2716,8,1206713,6.63E-06,5
Oklahoma,1997,14225,17396,1.2229,8,1206713,6.63E-06,5
Oklahoma,1998,15098,18250,1.2088,8,1206713,6.63E-06,5
Oklahoma,1999,15597,19298,1.2373,8,1206713,6.63E-06,5
Oklahoma,2000,16959,20758,1.224,8,1234229,6.48E-06,6
Oklahoma,2001,17306,22712,1.3124,7,1234229,5.67E-06,6
Oklahoma,2002,16336,24355,1.4909,7,1234229,5.67E-06,6
Oklahoma,2003,15819,25254,1.5964,7,1234229,5.67E-06,6
Oklahoma,2004,17130,26644,1.5554,7,1463758,4.78E-06,7
Oklahoma,2005,19572,27637,1.4121,7,1463758,4.78E-06,7
Oregon,1981,6405,5255,0.8205,7,1181516,5.93E-06,1
Oregon,1982,6241,5740,0.9197,7,1181516,5.93E-06,1
Oregon,1983,5958,6212,1.0426,7,1181516,5.93E-06,1
Oregon,1984,6543,6545,1.0003,7,1226527,5.71E-06,2
Oregon,1985,7056,7198,1.0201,7,1226527,5.71E-06,2
Oregon,1986,7442,7409,0.9956,7,1226527,5.71E-06,2
Oregon,1987,8254,7532,0.9125,7,1226527,5.71E-06,2
Oregon,1988,8909,8237,0.9246,7,1201694,5.83E-06,2
Oregon,1989,9981,8685,0.8702,7,1201694,5.83E-06,2
Oregon,1990,10617,9855,0.9282,7,1201694,5.83E-06,2
Oregon,1991,11158,10640,0.9536,7,1201694,5.83E-06,2
Oregon,1992,11544,11696,1.0132,7,1462643,4.79E-06,2
Oregon,1993,12548,12422,0.99,7,1462643,4.79E-06,2
Oregon,1994,13799,13113,0.9503,7,1462643,4.79E-06,2
Oregon,1995,14908,13640,0.9149,7,1462643,4.79E-06,2
Oregon,1996,16372,14246,0.8701,7,1377760,5.08E-06,2
Oregon,1997,18028,14665,0.8135,7,1377760,5.08E-06,2
Oregon,1998,19094,15141,0.793,7,1377760,5.08E-06,2
Oregon,1999,20253,15759,0.7781,7,1377760,5.08E-06,2
Oregon,2000,22354,16568,0.7412,7,1533968,4.56E-06,2
Oregon,2001,21450,18440,0.8597,7,1533968,4.56E-06,2
Oregon,2002,20034,19843,0.9905,7,1533968,4.56E-06,2
Oregon,2003,19378,21253,1.0968,7,1533968,4.56E-06,2
Oregon,2004,20693,21871,1.0569,7,1836782,3.81E-06,2
Oregon,2005,23583,22792,0.9665,7,1836782,3.81E-06,2
Pennsylvania,1981,29857,27422,0.9184,25,4561501,5.48E-06,1
Pennsylvania,1982,30187,29628,0.9815,25,4561501,5.48E-06,1
Pennsylvania,1983,28774,33289,1.1569,25,4561501,5.48E-06,1
Pennsylvania,1984,31923,32413,1.0153,25,4844903,5.16E-06,2
Pennsylvania,1985,34603,35227,1.018,25,4844903,5.16E-06,2
Pennsylvania,1986,35870,37453,1.0441,25,4844903,5.16E-06,2
Pennsylvania,1987,40183,38053,0.947,25,4844903,5.16E-06,2
Pennsylvania,1988,42958,39569,0.9211,25,4536251,5.51E-06,3
Pennsylvania,1989,46556,41580,0.8931,25,4536251,5.51E-06,3
Pennsylvania,1990,47995,45117,0.94,25,4536251,5.51E-06,3
Pennsylvania,1991,49130,49740,1.0124,23,4536251,5.07E-06,3
Pennsylvania,1992,50463,56201,1.1137,23,4959810,4.64E-06,3
Pennsylvania,1993,43655,58229,1.3338,23,4959810,4.64E-06,3
Pennsylvania,1994,57814,60051,1.0387,23,4959810,4.64E-06,3
Pennsylvania,1995,61192,64609,1.0558,23,4959810,4.64E-06,3
Pennsylvania,1996,64727,64610,0.9982,23,4506118,5.10E-06,3
Pennsylvania,1997,69336,65980,0.9516,23,4506118,5.10E-06,3
Pennsylvania,1998,74213,67439,0.9087,23,4506118,5.10E-06,3
Pennsylvania,1999,77505,69996,0.9031,23,4506118,5.10E-06,3
Pennsylvania,2000,83805,73745,0.88,23,4913119,4.68E-06,3
Pennsylvania,2001,82148,79379,0.9663,21,4913119,4.27E-06,3
Pennsylvania,2002,77289,85602,1.1076,21,4913119,4.27E-06,3
Pennsylvania,2003,74200,90350,1.2177,21,4913119,4.27E-06,3
Pennsylvania,2004,77542,94900,1.2239,21,5769590,3.64E-06,3
Pennsylvania,2005,87940,99503,1.1315,21,5769590,3.64E-06,3
Rhode Island,1981,2322,2581,1.1115,4,416072,9.61E-06,0
Rhode Island,1982,2380,2628,1.1042,4,416072,9.61E-06,0
Rhode Island,1983,2339,2824,1.2074,4,416072,9.61E-06,0
Rhode Island,1984,2608,2981,1.143,4,410492,9.74E-06,1
Rhode Island,1985,2882,3092,1.0729,4,410492,9.74E-06,1
Rhode Island,1986,3137,3223,1.0274,4,410492,9.74E-06,1
Rhode Island,1987,3567,3453,0.968,4,410492,9.74E-06,1
Rhode Island,1988,3863,3567,0.9234,4,404620,9.89E-06,1
Rhode Island,1989,4155,3828,0.9213,4,404620,9.89E-06,1
Rhode Island,1990,4171,4335,1.0393,4,404620,9.89E-06,1
Rhode Island,1991,4177,4671,1.1183,4,404620,9.89E-06,1
Rhode Island,1992,4263,5151,1.2083,4,453477,8.82E-06,1
Rhode Island,1993,4505,5298,1.176,4,453477,8.82E-06,1
Rhode Island,1994,4773,5450,1.1418,4,453477,8.82E-06,1
Rhode Island,1995,5024,5789,1.1523,4,453477,8.82E-06,1
Rhode Island,1996,5285,5718,1.0819,4,390284,1.02E-05,1
Rhode Island,1997,5792,5892,1.0173,4,390284,1.02E-05,1
Rhode Island,1998,6282,6050,0.9631,4,390284,1.02E-05,1
Rhode Island,1999,6499,6250,0.9617,4,390284,1.02E-05,1
Rhode Island,2000,7196,6879,0.9559,4,409112,9.78E-06,1
Rhode Island,2001,7235,6994,0.9667,4,409112,9.78E-06,1
Rhode Island,2002,6888,7505,1.0896,4,409112,9.78E-06,1
Rhode Island,2003,6701,8036,1.1992,4,409112,9.78E-06,1
Rhode Island,2004,7028,7245,1.0309,4,437134,9.15E-06,1
Rhode Island,2005,7969,8423,1.057,4,437134,9.15E-06,1
South Carolina,1981,5791,6964,1.2026,8,890083,8.99E-06,1
South Carolina,1982,5932,7566,1.2755,8,890083,8.99E-06,1
South Carolina,1983,5890,8351,1.4178,8,890083,8.99E-06,1
South Carolina,1984,6654,8947,1.3446,8,968540,8.26E-06,2
South Carolina,1985,7373,9808,1.3303,8,968540,8.26E-06,2
South Carolina,1986,7781,9944,1.278,8,968540,8.26E-06,2
South Carolina,1987,8702,10383,1.1932,8,968540,8.26E-06,2
South Carolina,1988,9257,10934,1.1812,8,986009,8.11E-06,3
South Carolina,1989,10191,12312,1.2081,8,986009,8.11E-06,3
South Carolina,1990,10808,13832,1.2798,8,986009,8.11E-06,3
South Carolina,1991,11244,15062,1.3396,8,986009,8.11E-06,3
South Carolina,1992,11560,16170,1.3988,8,1202527,6.65E-06,4
South Carolina,1993,12361,16466,1.3321,8,1202527,6.65E-06,4
South Carolina,1994,13594,17197,1.265,8,1202527,6.65E-06,4
South Carolina,1995,14743,17839,1.21,8,1202527,6.65E-06,4
South Carolina,1996,15760,18354,1.1646,8,1149457,6.96E-06,5
South Carolina,1997,17030,18962,1.1134,8,1149457,6.96E-06,5
South Carolina,1998,18508,19900,1.0752,8,1149457,6.96E-06,5
South Carolina,1999,19498,20952,1.0746,8,1149457,6.96E-06,5
South Carolina,2000,20820,22323,1.0722,8,1382717,5.79E-06,6
South Carolina,2001,20549,24708,1.2024,8,1382717,5.79E-06,6
South Carolina,2002,19587,26103,1.3327,8,1382717,5.79E-06,6
South Carolina,2003,18862,28038,1.4865,8,1382717,5.79E-06,6
South Carolina,2004,19897,30051,1.5103,8,1617730,4.95E-06,7
South Carolina,2005,22711,32044,1.4109,8,1617730,4.95E-06,7
South Dakota,1981,1353,1577,1.1656,3,327703,9.16E-06,1
South Dakota,1982,1356,1678,1.2375,3,327703,9.16E-06,1
South Dakota,1983,1305,1926,1.4759,3,327703,9.16E-06,1
South Dakota,1984,1427,2056,1.4408,3,317867,9.44E-06,2
South Dakota,1985,1519,2312,1.5221,3,317867,9.44E-06,2
South Dakota,1986,1588,2454,1.5453,3,317867,9.44E-06,2
South Dakota,1987,1758,2660,1.5131,3,317867,9.44E-06,2
South Dakota,1988,1858,2691,1.4483,3,312991,9.59E-06,3
South Dakota,1989,2019,2928,1.4502,3,312991,9.59E-06,3
South Dakota,1990,2167,2861,1.3203,3,312991,9.59E-06,3
South Dakota,1991,2313,3159,1.3658,3,312991,9.59E-06,3
South Dakota,1992,2447,3380,1.3813,3,336254,8.92E-06,4
South Dakota,1993,2676,3669,1.3711,3,336254,8.92E-06,4
South Dakota,1994,2885,3802,1.3179,3,336254,8.92E-06,4
South Dakota,1995,3038,3865,1.2722,3,336254,8.92E-06,4
South Dakota,1996,3232,3867,1.1965,3,323826,9.26E-06,5
South Dakota,1997,3504,4216,1.2032,3,323826,9.26E-06,5
South Dakota,1998,3762,4326,1.1499,3,323826,9.26E-06,5
South Dakota,1999,3998,4943,1.2364,3,323826,9.26E-06,5
South Dakota,2000,4292,5141,1.1978,3,316269,9.49E-06,6
South Dakota,2001,4218,5820,1.3798,3,316269,9.49E-06,6
South Dakota,2002,4016,6315,1.5725,3,316269,9.49E-06,6
South Dakota,2003,3866,6202,1.6042,3,316269,9.49E-06,6
South Dakota,2004,4189,6602,1.576,3,388215,7.73E-06,7
South Dakota,2005,4840,7481,1.5457,3,388215,7.73E-06,7
Tennessee,1981,9196,10907,1.1861,11,1617616,6.80E-06,1
Tennessee,1982,9557,11751,1.2296,11,1617616,6.80E-06,1
Tennessee,1983,9480,12521,1.3208,11,1617616,6.80E-06,1
Tennessee,1984,10559,13610,1.2889,11,1711993,6.43E-06,2
Tennessee,1985,11554,13553,1.173,11,1711993,6.43E-06,2
Tennessee,1986,12125,15917,1.3127,11,1711993,6.43E-06,2
Tennessee,1987,13651,15300,1.1208,11,1711993,6.43E-06,2
Tennessee,1988,14691,15705,1.069,11,1636250,6.72E-06,3
Tennessee,1989,15929,16978,1.0659,11,1636250,6.72E-06,3
Tennessee,1990,16466,18300,1.1114,11,1636250,6.72E-06,3
Tennessee,1991,17278,21193,1.2266,11,1636250,6.72E-06,3
Tennessee,1992,18360,22772,1.2403,11,1982638,5.55E-06,3
Tennessee,1993,19995,24102,1.2054,11,1982638,5.55E-06,3
Tennessee,1994,22134,25221,1.1395,11,1982638,5.55E-06,3
Tennessee,1995,23971,26611,1.1101,11,1982638,5.55E-06,3
Tennessee,1996,25706,27520,1.0706,11,1894105,5.81E-06,3
Tennessee,1997,27526,28855,1.0483,11,1894105,5.81E-06,3
Tennessee,1998,29600,30539,1.0317,11,1894105,5.81E-06,3
Tennessee,1999,30717,30982,1.0086,11,1894105,5.81E-06,3
Tennessee,2000,32601,33588,1.0303,11,2076181,5.30E-06,4
Tennessee,2001,32313,36795,1.1387,11,2076181,5.30E-06,4
Tennessee,2002,30930,39276,1.2698,11,2076181,5.30E-06,4
Tennessee,2003,30155,42602,1.4128,11,2076181,5.30E-06,4
Tennessee,2004,31682,45441,1.4343,11,2437319,4.51E-06,5
Tennessee,2005,35872,48288,1.3461,11,2437319,4.51E-06,5
Texas,1981,40786,32851,0.8054,29,4541637,6.39E-06,1
Texas,1982,43333,33400,0.7708,29,4541637,6.39E-06,1
Texas,1983,41571,36956,0.889,29,4541637,6.39E-06,1
Texas,1984,45721,39275,0.859,29,5397571,5.37E-06,2
Texas,1985,50000,44065,0.8813,29,5397571,5.37E-06,2
Texas,1986,49039,47343,0.9654,29,5397571,5.37E-06,2
Texas,1987,51767,47504,0.9177,29,5397571,5.37E-06,2
Texas,1988,54408,49485,0.9095,29,5427410,5.34E-06,3
Texas,1989,59091,55233,0.9347,29,5427410,5.34E-06,3
Texas,1990,62227,58236,0.9359,29,5427410,5.34E-06,3
Texas,1991,64775,65182,1.0063,32,5427410,5.90E-06,3
Texas,1992,67458,71084,1.0538,32,6154018,5.20E-06,4
Texas,1993,72727,76357,1.0499,32,6154018,5.20E-06,4
Texas,1994,79455,78934,0.9934,32,6154018,5.20E-06,4
Texas,1995,85799,83863,0.9774,32,6154018,5.20E-06,4
Texas,1996,93351,86783,0.9296,32,5611644,5.70E-06,5
Texas,1997,102776,88898,0.865,32,5611644,5.70E-06,5
Texas,1998,115056,92206,0.8014,32,5611644,5.70E-06,5
Texas,1999,121157,98488,0.8129,32,5611644,5.70E-06,5
Texas,2000,134820,106671,0.7912,32,6407637,4.99E-06,6
Texas,2001,135116,112701,0.8341,34,6407637,5.31E-06,6
Texas,2002,125811,123442,0.9812,34,6407637,5.31E-06,6
Texas,2003,122630,140451,1.1453,34,6407637,5.31E-06,6
Texas,2004,127454,141858,1.113,34,7410765,4.59E-06,7
Texas,2005,146932,148683,1.0119,34,7410765,4.59E-06,7
Utah,1981,2937,3441,1.1716,5,604222,8.28E-06,1
Utah,1982,3070,3824,1.2456,5,604222,8.28E-06,1
Utah,1983,3038,4138,1.3621,5,604222,8.28E-06,1
Utah,1984,3399,4840,1.4239,5,629656,7.94E-06,2
Utah,1985,3680,4970,1.3505,5,629656,7.94E-06,2
Utah,1986,3778,5501,1.4561,5,629656,7.94E-06,2
Utah,1987,4057,5705,1.4062,5,629656,7.94E-06,2
Utah,1988,4261,5750,1.3494,5,647008,7.73E-06,3
Utah,1989,4664,6142,1.3169,5,647008,7.73E-06,3
Utah,1990,5031,6521,1.2962,5,647008,7.73E-06,3
Utah,1991,5393,6788,1.2587,5,647008,7.73E-06,3
Utah,1992,5637,7229,1.2824,5,743998,6.72E-06,4
Utah,1993,6161,7535,1.223,5,743998,6.72E-06,4
Utah,1994,6973,7682,1.1017,5,743998,6.72E-06,4
Utah,1995,7722,8486,1.0989,5,743998,6.72E-06,4
Utah,1996,8517,8153,0.9573,5,665629,7.51E-06,5
Utah,1997,9221,8478,0.9194,5,665629,7.51E-06,5
Utah,1998,9857,8752,0.8879,5,665629,7.51E-06,5
Utah,1999,10499,9294,0.8852,5,665629,7.51E-06,5
Utah,2000,11635,10043,0.8632,5,770754,6.49E-06,6
Utah,2001,11372,11394,1.0019,5,770754,6.49E-06,6
Utah,2002,10771,12303,1.1422,5,770754,6.49E-06,6
Utah,2003,10530,13500,1.2821,5,770754,6.49E-06,6
Utah,2004,11245,13684,1.2169,5,927844,5.39E-06,7
Utah,2005,13134,14823,1.1286,5,927844,5.39E-06,7
Vermont,1981,1074,1129,1.0512,3,213207,1.41E-05,1
Vermont,1982,1103,1220,1.1061,3,213207,1.41E-05,1
Vermont,1983,1095,1340,1.2237,3,213207,1.41E-05,1
Vermont,1984,1226,1395,1.1378,3,234561,1.28E-05,2
Vermont,1985,1383,1454,1.0513,3,234561,1.28E-05,2
Vermont,1986,1513,1435,0.9484,3,234561,1.28E-05,2
Vermont,1987,1727,1474,0.8535,3,234561,1.28E-05,2
Vermont,1988,1899,1550,0.8162,3,243333,1.23E-05,3
Vermont,1989,2085,1737,0.8331,3,243333,1.23E-05,3
Vermont,1990,2094,1778,0.8491,3,243333,1.23E-05,3
Vermont,1991,2103,2028,0.9643,3,243333,1.23E-05,3
Vermont,1992,2154,2208,1.0251,3,289701,1.04E-05,3
Vermont,1993,2314,2317,1.0013,3,289701,1.04E-05,3
Vermont,1994,2498,2410,0.9648,3,289701,1.04E-05,3
Vermont,1995,2627,2664,1.0141,3,289701,1.04E-05,3
Vermont,1996,2837,2784,0.9813,3,258449,1.16E-05,3
Vermont,1997,3092,2757,0.8917,3,258449,1.16E-05,3
Vermont,1998,3349,2899,0.8656,3,258449,1.16E-05,3
Vermont,1999,3541,3168,0.8947,3,258449,1.16E-05,3
Vermont,2000,3854,3364,0.8729,3,294308,1.02E-05,3
Vermont,2001,3812,3739,0.9808,3,294308,1.02E-05,3
Vermont,2002,3622,4111,1.135,3,294308,1.02E-05,3
Vermont,2003,3441,4443,1.2912,3,294308,1.02E-05,3
Vermont,2004,3564,4633,1.2999,3,312309,9.61E-06,3
Vermont,2005,4085,4645,1.1371,3,312309,9.61E-06,3
Virginia,1981,13596,19094,1.4044,12,1866032,6.43E-06,1
Virginia,1982,14257,22339,1.5669,12,1866032,6.43E-06,1
Virginia,1983,14255,25253,1.7715,12,1866032,6.43E-06,1
Virginia,1984,15799,24252,1.535,12,2146635,5.59E-06,2
Virginia,1985,17566,26980,1.5359,12,2146635,5.59E-06,2
Virginia,1986,18733,28039,1.4968,12,2146635,5.59E-06,2
Virginia,1987,21305,31392,1.4735,12,2146635,5.59E-06,2
Virginia,1988,22950,35695,1.5553,12,2191609,5.48E-06,3
Virginia,1989,25287,32096,1.2693,12,2191609,5.48E-06,3
Virginia,1990,26051,36521,1.4019,12,2191609,5.48E-06,3
Virginia,1991,26867,39394,1.4663,13,2191609,5.93E-06,3
Virginia,1992,27740,41325,1.4897,13,2558665,5.08E-06,4
Virginia,1993,29730,44752,1.5053,13,2558665,5.08E-06,4
Virginia,1994,32157,45868,1.4264,13,2558665,5.08E-06,4
Virginia,1995,34045,51487,1.5123,13,2558665,5.08E-06,4
Virginia,1996,36780,50688,1.3781,13,2416642,5.38E-06,5
Virginia,1997,39467,53178,1.3474,13,2416642,5.38E-06,5
Virginia,1998,43725,55885,1.2781,13,2416642,5.38E-06,5
Virginia,1999,47484,58168,1.225,13,2416642,5.38E-06,5
Virginia,2000,52087,62808,1.2058,13,2739447,4.75E-06,6
Virginia,2001,52192,71312,1.3663,13,2739447,4.75E-06,6
Virginia,2002,50215,74548,1.4846,13,2739447,4.75E-06,6
Virginia,2003,48963,82454,1.684,13,2739447,4.75E-06,6
Virginia,2004,52202,90638,1.7363,13,3198367,4.07E-06,7
Virginia,2005,60185,95097,1.5801,13,3198367,4.07E-06,7
Washington,1981,12108,12540,1.0357,10,1742394,5.74E-06,1
Washington,1982,12073,13390,1.1091,10,1742394,5.74E-06,1
Washington,1983,11461,15279,1.3331,10,1742394,5.74E-06,1
Washington,1984,12396,14811,1.1948,10,1883910,5.31E-06,2
Washington,1985,13467,16670,1.2378,10,1883910,5.31E-06,2
Washington,1986,14334,16874,1.1772,10,1883910,5.31E-06,2
Washington,1987,16175,17619,1.0893,10,1883910,5.31E-06,2
Washington,1988,17337,18306,1.0559,10,1865253,5.36E-06,2
Washington,1989,19581,19520,0.9969,10,1865253,5.36E-06,2
Washington,1990,21408,20090,0.9384,10,1865253,5.36E-06,2
Washington,1991,22793,21769,0.9551,11,1865253,5.90E-06,2
Washington,1992,24009,24183,1.0072,11,2287565,4.81E-06,2
Washington,1993,25277,25115,0.9936,11,2287565,4.81E-06,2
Washington,1994,27362,26822,0.9803,11,2287565,4.81E-06,2
Washington,1995,29200,28831,0.9874,11,2287565,4.81E-06,2
Washington,1996,31958,29563,0.9251,11,2253837,4.88E-06,2
Washington,1997,35537,30488,0.8579,11,2253837,4.88E-06,2
Washington,1998,40265,31229,0.7756,11,2253837,4.88E-06,2
Washington,1999,45606,32156,0.7051,11,2253837,4.88E-06,2
Washington,2000,49822,33923,0.6809,11,2487433,4.42E-06,2
Washington,2001,46888,36960,0.7883,11,2487433,4.42E-06,2
Washington,2002,43263,40223,0.9297,11,2487433,4.42E-06,2
Washington,2003,41676,43368,1.0406,11,2487433,4.42E-06,2
Washington,2004,43645,44841,1.0274,11,2859084,3.85E-06,2
Washington,2005,49682,46338,0.9327,11,2859084,3.85E-06,2
West Virginia,1981,3835,4149,1.0819,6,737715,8.13E-06,0
West Virginia,1982,3975,4162,1.047,6,737715,8.13E-06,0
West Virginia,1983,3630,4732,1.3036,6,737715,8.13E-06,0
West Virginia,1984,3822,4826,1.2627,6,735742,8.16E-06,1
West Virginia,1985,4043,5017,1.2409,6,735742,8.16E-06,1
West Virginia,1986,4052,5409,1.3349,6,735742,8.16E-06,1
West Virginia,1987,4346,5325,1.2253,6,735742,8.16E-06,1
West Virginia,1988,4513,5861,1.2987,6,653311,9.18E-06,1
West Virginia,1989,4784,6223,1.3008,6,653311,9.18E-06,1
West Virginia,1990,4948,6726,1.3593,6,653311,9.18E-06,1
West Virginia,1991,5182,7633,1.473,5,653311,7.65E-06,1
West Virginia,1992,5348,8276,1.5475,5,683677,7.31E-06,1
West Virginia,1993,5654,9120,1.613,5,683677,7.31E-06,1
West Virginia,1994,6085,9282,1.5254,5,683677,7.31E-06,1
West Virginia,1995,6386,10208,1.5985,5,683677,7.31E-06,1
West Virginia,1996,6650,10066,1.5137,5,636459,7.86E-06,1
West Virginia,1997,6961,10298,1.4794,5,636459,7.86E-06,1
West Virginia,1998,7279,10719,1.4726,5,636459,7.86E-06,1
West Virginia,1999,7756,11135,1.4357,5,636459,7.86E-06,1
West Virginia,2000,8297,11751,1.4163,5,648124,7.72E-06,2
West Virginia,2001,8285,12554,1.5153,5,648124,7.72E-06,2
West Virginia,2002,7880,13362,1.6957,5,648124,7.72E-06,2
West Virginia,2003,7538,14226,1.8872,5,648124,7.72E-06,2
West Virginia,2004,7806,15183,1.945,5,755887,6.62E-06,3
West Virginia,2005,8815,16087,1.825,5,755887,6.62E-06,3
Wisconson,1981,11557,9051,0.7832,11,2273221,4.84E-06,1
Wisconson,1982,11475,9275,0.8083,11,2273221,4.84E-06,1
Wisconson,1983,10763,10552,0.9804,11,2273221,4.84E-06,1
Wisconson,1984,11946,10854,0.9086,11,2212016,4.97E-06,2
Wisconson,1985,12981,11457,0.8826,11,2212016,4.97E-06,2
Wisconson,1986,13560,12186,0.8987,11,2212016,4.97E-06,2
Wisconson,1987,15133,12192,0.8057,11,2212016,4.97E-06,2
Wisconson,1988,16184,13127,0.8111,11,2191608,5.02E-06,2
Wisconson,1989,17428,14617,0.8387,11,2191608,5.02E-06,2
Wisconson,1990,18125,15152,0.836,11,2191608,5.02E-06,2
Wisconson,1991,18799,16340,0.8692,11,2191608,5.02E-06,2
Wisconson,1992,19691,18050,0.9167,11,2531114,4.35E-06,2
Wisconson,1993,21067,19013,0.9025,11,2531114,4.35E-06,2
Wisconson,1994,23157,19635,0.8479,11,2531114,4.35E-06,2
Wisconson,1995,24729,19839,0.8023,11,2531114,4.35E-06,2
Wisconson,1996,26517,20095,0.7578,11,2196169,5.01E-06,2
Wisconson,1997,28707,21167,0.7373,11,2196169,5.01E-06,2
Wisconson,1998,30989,21913,0.7071,11,2196169,5.01E-06,2
Wisconson,1999,32432,22757,0.7017,11,2196169,5.01E-06,2
Wisconson,2000,35082,24308,0.6929,11,2598607,4.23E-06,2
Wisconson,2001,34361,26681,0.7765,10,2598607,3.85E-06,2
Wisconson,2002,32516,28845,0.8871,10,2598607,3.85E-06,2
Wisconson,2003,31257,30237,0.9674,10,2598607,3.85E-06,2
Wisconson,2004,32535,31554,0.9698,10,2997007,3.34E-06,2
Wisconson,2005,36961,33749,0.9131,10,2997007,3.34E-06,2
Wyoming,1981,1567,1568,1.0006,3,176713,1.70E-05,1
Wyoming,1982,1580,1091,0.6905,3,176713,1.70E-05,1
Wyoming,1983,1408,1228,0.8722,3,176713,1.70E-05,1
Wyoming,1984,1470,1471,1.0007,3,188968,1.59E-05,2
Wyoming,1985,1549,1552,1.0019,3,188968,1.59E-05,2
Wyoming,1986,1489,1523,1.0228,3,188968,1.59E-05,2
Wyoming,1987,1495,1535,1.0268,3,188968,1.59E-05,2
Wyoming,1988,1544,1626,1.0531,3,176551,1.70E-05,3
Wyoming,1989,1689,1716,1.016,3,176551,1.70E-05,3
Wyoming,1990,1788,1850,1.0347,3,176551,1.70E-05,3
Wyoming,1991,1882,1939,1.0303,3,176551,1.70E-05,3
Wyoming,1992,1933,2128,1.1009,3,199884,1.50E-05,4
Wyoming,1993,2079,2214,1.0649,3,199884,1.50E-05,4
Wyoming,1994,2241,2344,1.046,3,199884,1.50E-05,4
Wyoming,1995,2357,2492,1.0573,3,199884,1.50E-05,4
Wyoming,1996,2609,2504,0.9598,3,211571,1.42E-05,5
Wyoming,1997,2875,2612,0.9085,3,211571,1.42E-05,5
Wyoming,1998,3113,2748,0.8827,3,211571,1.42E-05,5
Wyoming,1999,3393,2931,0.8638,3,211571,1.42E-05,5
Wyoming,2000,3846,3221,0.8375,3,218351,1.37E-05,6
Wyoming,2001,3760,3588,0.9543,3,218351,1.37E-05,6
Wyoming,2002,3438,3666,1.0663,3,218351,1.37E-05,6
Wyoming,2003,3313,4226,1.2756,3,218351,1.37E-05,6
Wyoming,2004,3542,4393,1.2403,3,243428,1.23E-05,7
Wyoming,2005,4209,4782,1.1361,3,243428,1.23E-05,7
